"","caseid","region","gender","educ","edloan","race","hispanic","employ","marstat","pid7","ideo5","pew_religimp","newsint","faminc_new","union","investor","CC18_308a","CC18_310a","CC18_310b","CC18_310c","CC18_310d","CC18_325a","CC18_325b","CC18_325c","CC18_325d"
"1",417614315,3,1,2,2,1,2,5,3,6,3,1,2,1,3,2,2,2,3,3,5,1,2,1,1
"2",415490556,1,2,6,2,1,1,1,1,2,2,3,3,12,3,2,4,3,2,5,5,2,2,2,1
"3",414351505,3,2,3,2,2,2,1,4,2,3,1,3,4,3,1,4,2,2,2,2,1,2,1,2
"4",411855339,1,2,5,2,6,2,5,3,3,1,2,1,6,2,1,4,3,3,3,3,2,1,2,1
"5",420208067,2,1,3,2,1,2,1,1,4,5,4,1,10,1,2,4,2,2,3,2,1,2,1,1
"6",412517331,1,1,2,2,1,2,5,5,5,4,3,2,6,3,1,1,3,3,2,2,1,1,1,1
"7",412873566,2,2,3,2,1,2,7,1,7,5,1,3,2,3,2,1,2,2,3,5,1,1,1,1
"8",412948037,1,1,5,1,1,2,1,1,1,1,4,1,11,2,1,4,3,3,3,5,2,2,2,1
"9",415732156,3,1,6,2,1,2,1,5,6,5,4,4,16,3,2,1,2,3,2,5,2,1,1,2
"10",416479672,3,2,2,2,1,2,5,4,5,3,1,1,4,3,2,4,2,3,2,5,2,1,2,1
"11",412984205,1,2,3,2,1,2,7,1,3,3,2,1,11,3,1,4,3,3,3,3,2,1,2,2
"12",413002690,3,1,6,2,1,2,1,1,6,5,1,1,11,3,1,1,2,2,2,2,1,1,1,1
"13",414239724,4,1,3,2,3,2,4,5,1,1,3,2,1,3,2,4,1,1,1,3,2,1,2,2
"14",412311163,3,2,3,1,2,2,1,2,1,3,2,3,3,2,1,4,3,5,2,5,2,2,2,1
"15",414204021,2,2,6,1,1,2,9,1,2,1,2,1,11,3,1,4,5,3,2,3,2,1,2,2
"16",412931880,4,1,3,2,1,2,1,5,2,1,4,1,9,3,1,4,3,3,3,3,2,1,1,1
"17",412881399,2,2,4,2,1,2,4,5,3,1,4,3,2,3,2,4,2,5,3,2,2,1,2,1
"18",412985437,3,2,4,2,1,2,6,3,7,3,1,1,3,2,2,1,2,3,2,2,2,2,1,1
"19",411855595,1,1,6,2,1,2,1,1,4,3,4,1,10,3,1,4,3,3,3,3,1,1,2,1
"20",413877573,1,1,5,2,1,2,3,5,3,1,4,1,8,3,2,4,2,3,3,3,2,1,2,1
"21",414018801,4,1,6,2,1,2,1,1,6,3,3,1,12,3,2,2,2,2,2,3,1,1,1,1
"22",413425778,4,2,3,2,1,2,1,5,5,4,3,2,6,3,2,2,3,3,3,3,1,1,2,2
"23",413859987,3,2,6,1,1,2,1,1,7,5,1,1,11,3,1,1,2,2,2,2,1,2,2,2
"24",413456067,3,1,5,2,1,2,6,5,2,1,4,4,6,3,1,4,2,2,2,3,2,1,2,1
"25",414480371,1,1,5,1,1,2,1,1,4,3,1,1,9,3,1,1,3,3,3,3,1,1,1,1
"26",413336030,4,2,2,2,3,2,9,5,1,3,3,1,4,1,2,4,3,3,3,5,2,1,2,1
"27",413834979,3,1,5,2,1,2,5,1,4,4,2,1,10,3,1,1,3,3,3,2,1,1,1,1
"28",412503538,3,1,6,2,1,2,5,1,1,2,3,1,11,2,1,4,2,3,2,2,2,1,2,1
"29",413497102,1,2,5,1,2,2,4,1,1,2,4,1,3,3,2,4,3,3,3,3,1,2,2,2
"30",413084367,4,1,6,1,1,2,1,1,6,4,1,1,9,3,1,2,2,2,2,3,1,1,1,1
"31",416814438,2,2,5,2,1,2,6,5,1,1,4,2,2,3,2,4,3,3,3,3,2,1,2,1
"32",417149621,3,1,2,2,1,2,1,1,3,3,4,2,8,3,1,4,2,2,2,2,2,1,1,1
"33",412380994,4,2,6,2,1,2,2,4,1,3,4,1,4,3,2,4,2,3,3,2,2,1,2,1
"34",412880622,4,2,5,2,1,2,7,1,1,2,4,1,13,3,1,4,2,3,3,2,2,1,2,2
"35",414533452,1,2,5,1,1,2,8,5,2,3,3,1,11,3,2,4,3,3,2,2,2,2,2,2
"36",412276693,3,1,4,2,1,2,1,1,3,1,2,1,10,3,1,4,2,2,2,3,2,1,2,1
"37",414146718,3,1,5,2,1,2,1,6,6,4,4,1,6,2,2,2,3,2,2,2,1,2,2,1
"38",415287363,4,1,6,2,1,2,1,1,3,2,1,1,4,3,1,4,3,3,3,3,2,2,2,1
"39",412380857,4,2,6,1,1,2,1,1,7,3,2,1,9,3,2,1,2,2,2,2,1,1,1,2
"40",412118399,2,2,5,2,1,2,1,1,2,2,3,3,11,3,1,4,5,5,5,5,2,1,1,1
"41",416806180,2,1,3,1,1,2,1,1,6,3,2,1,10,1,1,2,2,2,3,3,1,1,1,1
"42",417080245,3,1,5,2,1,2,1,1,7,4,3,1,12,3,1,1,2,3,2,2,1,1,1,1
"43",417838586,3,1,4,2,1,2,1,1,7,5,1,1,7,2,1,1,2,2,2,2,1,1,1,2
"44",415459688,3,2,2,2,1,2,2,1,4,3,4,4,7,3,2,3,5,5,5,5,2,1,2,1
"45",414273888,3,2,2,2,1,2,5,1,4,3,2,3,10,3,1,3,2,3,2,3,2,2,2,1
"46",347845625,2,2,6,1,1,1,8,1,7,4,1,1,6,3,1,1,2,2,3,3,1,1,1,1
"47",412913979,4,1,5,2,1,2,1,1,4,5,1,2,5,3,2,1,3,2,3,3,1,1,2,1
"48",418258996,4,1,4,1,3,2,8,5,3,3,3,2,1,3,2,4,3,5,5,5,2,2,1,2
"49",417353879,3,1,6,2,1,2,1,1,4,3,3,1,11,3,1,4,2,2,2,2,2,1,2,1
"50",412340210,4,2,6,2,1,2,5,3,2,3,2,2,7,2,2,4,3,3,5,2,2,1,1,1
"51",412413445,3,2,4,1,2,2,3,5,1,3,2,2,5,3,2,1,5,3,5,5,1,1,1,1
"52",412794640,2,2,4,2,1,2,1,6,1,3,1,3,5,3,2,4,1,5,1,5,2,2,2,1
"53",417834862,4,2,4,2,3,2,1,1,1,2,2,1,8,1,2,4,2,2,2,2,2,2,2,1
"54",414048247,3,1,5,1,2,2,1,1,2,3,3,1,8,3,1,3,3,2,2,2,1,1,2,1
"55",414002460,4,2,5,2,1,2,7,1,7,5,1,3,11,3,1,2,2,3,2,2,2,1,2,1
"56",414729651,2,1,2,2,1,2,5,1,2,1,4,1,2,3,2,3,2,3,3,2,2,1,2,1
"57",414170804,3,1,5,2,1,2,1,5,3,3,3,3,9,3,2,4,2,5,2,5,1,1,1,1
"58",412021973,1,1,6,2,1,2,5,1,1,2,4,1,13,2,1,4,3,3,2,2,2,2,2,1
"59",414570461,2,2,4,1,3,2,2,6,2,2,3,3,3,3,2,4,5,3,1,1,2,1,1,1
"60",414206045,3,2,1,2,2,2,4,5,2,4,1,3,5,3,2,4,3,3,3,3,2,1,1,2
"61",412944227,2,1,4,2,1,2,1,5,1,2,2,1,7,3,2,4,2,3,3,3,2,1,2,1
"62",415332185,1,2,6,2,1,2,4,4,1,1,3,1,9,3,1,4,3,3,3,3,2,2,2,1
"63",412950503,4,2,1,2,1,2,6,3,1,2,4,1,1,3,2,4,3,2,3,3,2,2,1,2
"64",414563002,3,2,4,2,1,2,1,1,3,3,3,2,6,3,2,4,2,5,2,2,1,1,1,1
"65",412348831,2,1,5,2,1,2,1,1,1,3,2,1,8,2,2,4,2,5,5,2,2,1,1,1
"66",415289823,1,2,5,1,1,2,1,1,2,3,4,4,9,1,1,4,3,5,5,5,2,1,1,2
"67",412929385,1,1,5,2,1,2,1,1,1,1,4,1,7,2,1,4,3,3,3,3,2,2,2,2
"68",413013788,4,2,2,2,1,2,5,3,3,1,3,1,4,2,2,4,3,3,3,3,2,2,2,1
"69",413317067,2,2,3,1,1,2,9,2,1,1,1,1,2,3,2,4,2,3,3,5,2,1,2,1
"70",414709279,2,1,5,1,1,2,1,5,3,3,2,4,4,1,2,2,2,3,2,2,1,1,2,1
"71",420196837,3,2,4,2,1,2,1,6,6,4,1,1,4,3,2,1,2,2,2,2,2,1,1,1
"72",416255584,2,2,2,2,1,2,5,1,7,5,1,1,4,3,2,1,1,3,2,2,2,2,2,1
"73",412992795,3,1,2,2,1,2,2,5,7,5,1,2,2,3,2,1,2,3,2,2,1,1,1,2
"74",412047867,2,1,5,2,1,2,1,1,7,5,1,1,11,3,2,1,2,3,3,3,1,2,2,1
"75",414179604,4,2,3,2,1,1,7,1,3,3,1,3,6,3,2,4,1,1,1,1,2,1,1,1
"76",412340859,2,1,4,2,1,2,5,4,4,4,2,1,4,2,1,1,2,3,3,2,1,2,1,1
"77",412942845,2,1,3,2,1,2,1,1,3,3,4,1,9,1,1,2,2,3,3,2,2,1,2,1
"78",417077498,3,1,6,2,3,2,1,1,1,2,3,1,15,2,1,4,2,2,2,2,2,2,2,1
"79",412344340,4,2,3,1,1,2,2,3,3,2,3,2,2,1,2,4,3,3,5,5,2,1,2,1
"80",414367203,1,2,2,2,1,2,7,1,6,2,3,4,7,3,2,3,5,5,5,5,1,1,1,2
"81",417211242,4,1,3,1,2,2,1,1,2,3,3,4,10,2,2,4,5,5,5,1,2,1,2,1
"82",418252134,2,1,6,1,1,2,1,1,3,3,1,1,9,1,1,4,2,2,3,2,2,1,2,1
"83",412873793,4,2,3,2,1,2,5,5,1,3,2,4,2,2,2,4,3,3,5,5,2,1,1,1
"84",414402732,3,1,5,2,2,2,1,5,6,3,3,2,7,3,1,2,2,3,5,5,1,1,1,2
"85",412274316,3,2,2,2,1,2,7,1,3,2,4,1,3,3,2,4,2,2,2,2,2,1,1,1
"86",412306590,2,2,5,2,1,2,2,1,1,3,2,2,8,3,1,4,2,3,3,2,2,2,1,1
"87",415931193,2,2,2,2,1,2,6,5,3,3,1,3,5,3,2,4,2,3,3,3,2,1,1,2
"88",420237745,3,1,5,1,1,2,8,5,1,2,1,1,3,3,2,4,2,2,2,2,2,1,1,1
"89",412348490,4,1,4,2,1,2,6,1,3,4,2,1,5,3,1,4,5,2,3,2,1,1,1,1
"90",414196043,3,2,4,2,1,2,8,1,1,2,2,3,2,3,2,4,5,5,5,5,1,1,1,1
"91",417353856,4,1,6,2,1,2,5,1,1,2,3,1,10,2,1,4,3,3,3,3,2,2,2,2
"92",415447008,3,2,5,1,1,2,8,5,6,4,1,2,8,3,2,3,5,5,2,5,1,1,1,2
"93",416386894,1,1,5,1,1,1,1,1,6,3,1,1,6,2,1,2,3,3,3,3,1,2,2,1
"94",414174679,2,2,1,2,1,2,4,5,2,4,3,3,2,3,2,4,5,5,5,5,2,2,2,2
"95",414615873,4,1,5,2,4,2,1,1,7,4,1,2,5,3,2,2,3,3,2,3,1,2,2,2
"96",412331497,1,1,6,1,1,2,1,3,1,1,4,1,6,2,1,4,3,3,2,2,2,2,2,1
"97",415899191,2,1,2,1,1,2,5,1,4,3,4,4,2,3,2,1,2,3,5,5,2,1,1,1
"98",414349046,3,2,3,2,1,2,7,5,7,5,2,1,6,3,2,1,3,2,2,2,1,1,1,1
"99",415217338,3,2,6,2,4,2,1,5,1,1,4,3,6,3,1,4,2,5,2,5,1,2,1,1
"100",417616011,2,1,2,1,1,2,1,1,7,4,1,1,7,1,2,1,2,2,3,5,1,1,1,1
"101",418474316,4,2,3,1,4,2,1,5,3,3,3,4,9,3,1,4,1,1,1,3,1,1,1,2
"102",415300474,4,2,3,2,3,2,1,1,2,2,2,2,7,3,2,4,3,3,3,3,2,1,1,2
"103",420344153,3,1,5,2,7,2,8,3,4,3,4,1,8,2,1,1,3,2,2,2,1,1,1,1
"104",413365248,3,1,3,2,1,2,1,4,7,4,2,3,7,1,1,1,2,5,2,5,2,2,2,1
"105",412330972,3,1,5,2,1,2,5,1,6,4,3,1,7,3,1,1,2,3,2,2,1,1,2,2
"106",415906201,2,1,2,2,1,2,6,1,2,3,2,2,3,3,2,4,5,3,2,2,2,1,1,1
"107",417080032,3,1,3,2,1,2,5,1,7,5,1,1,5,3,2,1,2,3,2,2,1,1,2,2
"108",412331705,4,1,3,2,1,2,1,1,5,3,1,1,8,3,1,1,4,2,2,2,1,1,2,1
"109",413192261,3,2,4,2,1,2,5,5,7,5,1,1,6,3,2,1,2,2,2,2,1,1,1,1
"110",413404307,3,2,5,1,1,2,1,1,2,2,2,4,10,3,1,4,5,5,2,3,2,2,2,1
"111",415474048,3,2,2,2,1,2,5,1,2,3,2,3,4,3,2,4,2,3,3,3,2,1,1,2
"112",414371249,3,2,2,2,1,2,2,1,1,4,1,1,5,3,2,4,2,3,2,5,2,1,1,1
"113",416578010,3,1,2,2,1,2,5,1,7,4,2,1,9,2,1,1,2,3,3,3,1,1,1,1
"114",414136190,1,1,2,2,1,2,1,4,3,2,3,1,3,2,2,4,3,3,3,2,2,1,2,1
"115",418067510,2,1,6,2,1,2,5,5,3,1,2,1,10,2,1,4,2,2,3,2,2,2,2,1
"116",416860489,3,2,3,2,1,2,1,1,7,3,1,2,8,3,2,1,2,3,2,2,1,1,1,1
"117",411879022,1,2,5,1,1,2,1,1,4,3,1,1,12,2,1,4,2,3,3,3,2,2,2,2
"118",412240141,1,1,6,2,1,2,1,1,3,1,2,1,9,2,1,4,2,3,3,3,2,1,2,1
"119",412888607,1,2,2,2,1,1,6,1,2,3,2,2,4,3,2,4,3,3,3,3,2,1,1,1
"120",415231154,4,1,3,1,2,1,1,5,3,3,1,1,4,3,2,4,3,5,2,2,1,1,2,1
"121",416428983,3,2,2,2,1,2,4,1,7,5,1,1,5,3,1,1,2,2,2,2,1,1,2,1
"122",412307317,3,2,3,2,1,2,5,1,5,5,1,1,6,3,2,2,2,3,2,2,1,1,1,1
"123",416244174,1,2,6,1,2,2,1,6,3,1,3,1,8,3,2,4,3,3,3,3,2,2,2,1
"124",412991840,3,1,4,1,1,2,1,1,4,2,3,1,9,2,1,4,2,2,2,2,2,2,2,1
"125",415856200,2,1,4,2,1,2,1,6,1,2,4,2,9,1,2,4,3,5,3,5,2,1,1,1
"126",412307472,2,2,4,2,7,2,6,6,1,2,4,1,5,3,2,4,2,2,3,3,2,1,2,1
"127",413410045,2,2,5,1,1,2,1,1,3,3,3,1,10,3,2,4,2,3,3,3,2,2,2,1
"128",412080189,3,1,6,2,1,2,1,1,1,1,2,2,9,3,1,4,2,3,2,3,2,1,2,1
"129",418065455,3,1,6,2,1,2,5,3,5,4,4,1,8,3,2,1,2,3,2,3,1,1,2,1
"130",412324562,2,2,2,2,1,2,5,1,4,3,2,2,7,3,1,4,5,5,5,2,2,1,1,1
"131",412345769,3,1,6,2,1,2,5,1,4,2,1,1,12,3,1,3,2,2,2,2,1,1,1,1
"132",417049513,4,2,2,2,6,2,5,1,1,1,4,1,5,3,1,4,3,2,3,2,2,1,2,1
"133",413291660,3,1,4,2,1,2,6,1,5,4,1,1,3,3,2,1,2,2,2,2,1,1,1,1
"134",412424146,1,2,2,2,1,2,1,5,7,5,1,1,6,3,2,1,3,3,3,2,1,1,2,1
"135",414327906,2,2,1,2,1,2,5,5,6,3,4,2,2,3,2,4,2,2,3,2,2,1,2,1
"136",417351589,1,1,6,1,1,2,1,1,4,3,4,1,8,3,1,4,3,3,2,3,2,2,2,1
"137",410750488,2,2,4,1,1,2,2,1,2,2,3,3,9,3,1,3,5,5,5,5,1,1,1,1
"138",412949822,2,1,2,2,1,2,1,1,7,5,3,1,10,3,2,1,3,2,3,2,2,1,1,2
"139",412297426,3,2,6,2,1,2,5,1,5,5,2,1,7,3,2,1,2,2,2,2,1,1,1,1
"140",420315117,3,1,5,2,1,2,1,1,2,2,4,1,12,2,1,4,2,3,3,3,2,1,2,1
"141",420128803,4,2,6,2,1,2,5,1,4,2,2,1,5,2,2,4,3,3,3,3,1,2,2,1
"142",413061899,3,2,2,2,1,2,2,4,7,4,2,1,2,3,2,1,2,2,2,2,1,2,1,1
"143",412925780,3,2,5,2,1,2,1,1,6,3,2,2,11,3,1,2,2,5,3,5,1,1,1,2
"144",416823935,4,1,2,2,1,2,1,1,1,2,4,1,9,3,1,4,3,3,3,2,2,2,2,1
"145",413160976,3,1,6,1,1,2,1,1,2,3,1,1,7,1,1,4,2,2,2,2,1,1,2,2
"146",418890934,3,1,3,2,1,1,3,3,3,2,3,1,11,3,2,4,2,2,2,5,2,2,2,2
"147",417080152,3,1,6,2,1,2,4,1,3,2,4,1,11,3,1,4,2,2,2,2,2,2,2,1
"148",412278455,4,2,2,2,1,2,5,3,2,3,3,3,7,2,2,3,3,3,3,3,2,1,2,1
"149",411859566,2,2,6,1,1,2,2,1,1,1,4,1,6,1,2,4,2,3,3,3,2,2,2,1
"150",413105696,3,1,5,1,3,2,1,1,2,2,2,2,8,1,1,3,3,2,2,2,2,1,2,1
"151",419282250,4,2,5,2,3,2,1,3,2,2,2,2,11,3,1,4,3,3,3,2,2,2,2,1
"152",420160112,1,1,3,2,1,2,2,1,4,4,4,1,6,1,2,4,3,3,3,5,1,2,2,1
"153",412855690,1,2,2,2,1,1,7,1,1,3,1,1,5,3,2,4,3,3,2,2,1,1,2,1
"154",412339946,2,2,1,2,1,2,7,1,7,5,2,1,5,3,2,1,3,2,5,5,1,1,1,2
"155",414199241,2,2,2,2,1,2,5,4,1,3,2,4,3,3,2,4,2,5,3,3,2,2,2,2
"156",412345958,3,2,5,2,3,2,9,6,1,2,2,2,4,3,1,4,2,2,2,3,2,1,1,2
"157",411854243,3,1,3,2,1,2,1,1,4,3,3,1,3,2,1,3,2,3,2,5,2,1,2,1
"158",415752437,1,1,2,2,1,2,5,1,7,5,2,1,7,1,2,1,3,3,3,2,1,1,1,1
"159",418065692,2,1,3,2,1,2,6,5,2,2,4,2,2,3,2,2,2,2,2,2,2,1,1,2
"160",413062346,3,1,1,2,1,2,2,3,4,4,2,3,3,3,2,2,2,3,5,5,1,1,2,2
"161",412274529,2,1,5,1,1,2,1,1,3,2,1,2,10,2,2,4,2,2,3,2,2,1,2,1
"162",410770153,1,1,6,2,1,2,5,1,1,1,3,1,13,3,1,4,3,3,2,3,2,2,2,1
"163",416257159,4,2,6,1,4,2,1,5,1,2,2,4,11,1,2,4,2,3,3,2,2,2,2,1
"164",412022635,3,1,5,2,1,2,5,1,7,5,1,1,7,2,2,1,3,2,2,2,1,1,2,1
"165",415802716,4,2,2,2,3,2,4,1,3,3,2,2,3,3,2,4,5,2,2,3,2,1,1,2
"166",412275442,4,2,5,2,1,2,2,1,1,2,3,3,8,2,1,4,3,3,3,5,2,1,1,2
"167",414223923,1,2,2,2,1,2,7,6,4,3,1,4,5,2,2,3,4,4,3,4,1,2,1,1
"168",410941943,3,1,6,2,1,2,1,1,3,3,1,1,10,3,1,4,3,2,2,2,2,1,2,1
"169",416974464,2,2,2,2,1,2,1,1,2,2,2,2,9,2,2,4,2,3,3,2,2,1,1,1
"170",419531882,3,1,5,1,3,2,1,1,3,3,1,2,8,3,1,4,2,5,2,3,2,1,1,1
"171",410746773,3,1,5,2,1,2,2,3,7,5,1,1,3,3,1,1,2,3,2,2,1,1,2,1
"172",410904167,2,1,5,1,1,2,1,1,7,4,1,1,9,3,1,1,2,3,2,2,1,1,1,1
"173",417352647,4,1,5,2,1,2,1,1,2,2,4,1,10,3,1,4,3,3,3,3,2,1,2,2
"174",414431857,3,1,5,2,3,2,1,5,4,4,1,1,8,1,1,3,2,2,2,3,1,1,1,1
"175",413066308,1,1,5,2,7,2,2,1,4,4,3,1,7,3,2,1,2,3,3,3,1,2,2,1
"176",418197276,3,1,2,2,1,2,1,1,5,4,2,1,8,3,2,1,2,2,2,2,1,2,1,1
"177",419611863,2,2,3,1,6,2,2,6,4,2,4,2,5,3,2,4,5,5,3,2,2,2,2,2
"178",414518088,3,2,3,2,2,2,2,4,1,3,1,1,7,3,2,4,3,3,3,2,2,1,1,1
"179",412954060,2,2,3,2,1,2,5,1,5,4,2,1,4,3,2,2,2,2,3,2,1,1,1,1
"180",414195665,1,2,5,2,1,2,1,5,1,2,4,2,1,3,2,4,3,3,5,5,2,2,2,1
"181",412369020,4,1,2,2,1,2,1,3,6,2,4,1,9,2,1,3,3,3,3,3,1,2,2,1
"182",417615808,4,2,4,1,1,1,2,1,1,2,2,2,12,3,2,4,2,2,3,3,1,2,2,1
"183",412306675,2,1,5,2,1,2,1,1,1,3,2,1,14,3,1,4,2,2,3,2,2,1,2,1
"184",412899054,4,1,5,1,1,2,1,3,3,3,2,1,7,3,1,4,3,3,3,3,2,1,1,1
"185",417130388,3,2,3,1,3,2,1,6,4,3,2,3,6,3,2,4,5,5,3,5,1,1,1,2
"186",415325555,2,2,6,2,1,2,5,1,1,1,1,1,12,1,1,4,2,2,3,2,2,1,1,2
"187",412873680,1,2,4,1,1,2,7,5,2,2,4,2,3,3,2,4,1,1,1,1,2,2,2,1
"188",416553786,2,1,5,2,3,2,1,1,2,3,3,2,4,1,2,3,2,1,1,1,2,1,1,2
"189",418251432,3,1,6,1,1,2,1,3,3,2,4,2,6,3,2,3,2,2,2,1,2,2,1,1
"190",410940752,4,2,3,2,1,2,7,1,7,5,1,1,3,3,2,1,2,2,2,2,1,2,1,1
"191",418299009,3,1,5,1,3,2,6,1,1,2,3,1,6,3,2,4,2,3,2,3,2,2,2,2
"192",414634994,3,2,1,2,1,2,6,5,4,2,4,1,8,3,2,4,2,3,2,2,2,2,1,2
"193",419225499,2,2,5,1,1,2,6,1,5,5,1,1,9,3,1,2,3,3,3,3,1,1,2,1
"194",412423118,4,2,3,2,1,2,1,3,1,3,1,2,7,2,1,4,3,2,2,3,2,1,1,1
"195",412957235,4,1,3,2,1,2,5,5,1,2,4,1,3,3,2,4,2,2,2,4,2,1,1,1
"196",413491614,1,2,6,2,1,2,1,5,1,1,3,1,9,3,1,4,3,3,3,3,2,2,1,2
"197",417353362,3,1,6,2,1,2,5,1,7,4,4,1,8,3,1,1,3,2,2,2,1,1,1,1
"198",413621928,1,2,5,1,1,2,1,4,4,3,4,2,5,3,1,2,3,3,3,3,1,1,2,2
"199",412354541,1,2,2,1,1,2,2,5,1,1,2,1,2,1,2,3,3,5,2,3,2,1,2,2
"200",413580580,3,1,6,2,4,2,1,1,5,4,1,1,12,3,1,1,3,3,3,2,1,1,1,1
"201",412341718,4,1,6,2,1,2,1,1,1,1,4,1,15,3,1,4,3,3,3,3,2,2,2,2
"202",412468723,3,2,6,2,2,2,1,1,1,1,2,1,12,3,1,4,2,2,2,2,2,2,2,1
"203",412297019,1,2,3,2,1,2,5,1,3,3,1,1,2,3,2,4,2,4,2,2,2,1,1,1
"204",420170366,3,2,6,1,1,2,1,5,1,2,1,1,10,1,1,4,3,3,3,3,2,2,2,2
"205",420291206,4,1,3,2,2,2,4,5,2,2,3,3,3,3,2,4,3,3,3,5,2,1,1,1
"206",413659546,4,2,5,2,1,2,1,1,7,4,1,1,9,2,2,1,3,3,3,3,2,2,2,2
"207",410750912,1,1,5,1,1,2,1,5,7,5,1,2,3,3,1,1,3,3,2,2,1,1,1,2
"208",412448126,3,2,5,2,1,2,7,1,6,4,1,3,2,3,2,3,1,1,2,5,1,2,2,1
"209",412506714,2,1,5,2,1,2,1,1,3,3,4,2,14,3,1,4,2,2,2,2,2,1,2,1
"210",412872660,4,2,5,2,1,2,4,1,7,5,1,1,9,3,1,2,3,3,3,3,1,2,1,1
"211",413121467,1,2,5,1,1,2,1,1,3,1,4,1,12,2,1,4,3,3,3,2,2,1,2,1
"212",412319708,2,2,5,2,1,2,5,3,1,3,3,1,3,2,2,4,5,3,5,5,2,2,2,2
"213",417181768,3,2,2,2,1,2,5,1,3,3,1,2,6,3,2,4,5,2,5,2,2,1,2,2
"214",412933152,4,1,5,2,1,2,1,1,1,1,3,1,8,3,2,4,3,3,3,3,2,2,2,1
"215",413804303,4,2,4,2,1,2,5,4,7,5,2,1,4,3,1,1,2,3,2,5,2,1,1,1
"216",412540323,3,1,3,2,1,2,6,1,5,5,1,1,4,2,2,1,2,2,2,2,1,2,2,1
"217",420259256,2,2,2,2,1,2,1,1,4,3,1,2,10,3,1,2,3,3,3,2,1,1,1,1
"218",412943582,4,1,2,2,1,2,5,1,7,4,1,1,6,3,2,1,2,2,3,2,1,2,1,1
"219",410934387,2,2,4,2,1,2,1,3,2,3,2,2,4,3,2,3,5,3,2,3,2,1,1,1
"220",412452848,4,1,2,2,1,2,5,1,5,4,2,1,9,2,1,1,3,3,3,2,1,2,1,1
"221",412893029,3,2,6,1,1,2,1,5,1,2,2,1,9,3,1,4,2,5,2,2,2,1,1,1
"222",412350404,3,2,6,2,1,2,6,4,4,4,2,2,3,2,1,2,3,2,2,3,2,2,2,1
"223",416369140,3,1,2,2,1,2,5,3,5,5,3,2,3,2,2,1,2,2,2,2,1,1,2,1
"224",416860151,2,2,4,1,1,2,1,1,1,1,4,1,9,3,1,4,2,2,3,2,1,1,1,1
"225",412269951,1,2,6,2,1,2,1,1,1,2,4,1,9,1,1,4,3,3,3,2,2,1,2,1
"226",414473863,2,2,2,2,1,2,5,1,7,5,1,1,5,3,1,1,2,2,3,2,1,1,1,1
"227",414332664,3,1,3,2,2,2,4,5,2,3,2,3,2,3,2,4,2,3,2,2,2,1,1,2
"228",412940299,1,2,3,2,3,2,1,3,2,2,4,2,6,2,2,2,3,3,3,5,2,2,2,1
"229",412512064,3,1,3,1,1,2,5,1,5,3,2,1,12,3,1,3,2,2,2,3,2,2,2,2
"230",414227855,1,2,3,1,1,2,1,1,2,2,4,1,7,3,2,4,3,3,5,2,2,1,1,1
"231",414365698,1,2,3,1,1,2,1,5,7,5,2,2,11,3,1,1,3,3,3,5,1,1,2,1
"232",412339519,1,2,5,1,1,2,1,1,2,3,3,1,13,3,1,4,3,3,3,3,1,2,2,1
"233",417181683,2,2,2,2,1,2,5,1,6,2,1,2,5,3,1,1,5,5,5,5,1,1,1,1
"234",415324770,1,2,3,1,1,2,8,5,2,3,4,3,6,3,2,4,3,2,4,4,1,1,2,1
"235",413314979,1,1,4,2,1,2,2,1,7,5,4,1,12,3,1,1,3,2,3,3,1,2,1,1
"236",412301293,1,1,5,2,1,2,5,1,1,1,4,1,7,1,1,4,3,3,2,2,2,1,1,1
"237",416412572,2,1,5,2,1,2,1,1,5,3,3,1,12,3,1,3,2,3,3,3,1,1,1,1
"238",416824499,4,1,2,2,1,2,1,1,5,4,3,1,6,1,2,1,2,2,5,3,1,1,1,1
"239",413622202,3,2,5,1,2,2,1,1,1,2,1,1,9,3,2,4,2,3,5,2,2,1,1,1
"240",412013435,4,1,2,2,1,2,6,3,1,2,2,2,5,3,2,4,3,3,5,5,1,1,1,2
"241",414543500,3,2,5,2,1,2,1,5,1,2,3,2,9,3,1,4,3,3,3,3,2,1,2,1
"242",412519845,3,1,4,1,3,2,6,5,7,5,1,1,2,3,2,2,2,3,2,3,1,1,1,1
"243",411879915,3,2,6,2,1,2,7,1,7,4,1,1,13,3,1,1,2,2,2,3,1,1,1,1
"244",412166647,4,2,5,1,1,2,2,5,3,2,4,2,6,3,2,4,3,3,3,3,2,1,1,1
"245",413313070,3,1,1,2,1,2,4,5,4,3,4,1,2,3,2,2,2,3,2,3,1,1,2,1
"246",413895996,3,2,4,2,1,2,1,1,7,5,1,1,10,3,1,1,3,2,3,2,1,1,1,1
"247",419798396,1,1,2,2,1,2,6,6,5,5,4,2,3,3,2,1,3,3,2,2,1,1,1,1
"248",412291969,4,1,3,2,1,2,4,5,6,3,1,1,4,3,2,4,2,2,2,1,2,1,2,1
"249",412303998,1,2,3,2,1,2,5,1,4,4,1,1,5,3,2,2,2,3,3,3,1,1,1,1
"250",413126859,1,2,5,1,4,2,6,5,4,1,3,2,2,3,1,4,2,3,3,3,2,1,1,2
"251",413497817,4,2,3,2,1,2,1,1,6,3,2,3,2,1,2,2,5,5,5,5,1,1,1,2
"252",412374007,2,2,5,2,1,2,1,1,1,2,4,4,7,3,1,4,5,3,2,2,2,1,2,1
"253",413672292,4,2,5,2,1,2,1,5,5,3,3,1,14,3,1,1,2,2,2,2,1,1,1,1
"254",410904812,3,1,5,2,1,2,9,4,4,3,3,2,3,3,2,4,2,3,2,5,2,2,1,1
"255",412374952,3,1,3,2,1,2,6,3,5,4,1,2,2,3,2,1,3,2,2,2,2,1,2,2
"256",415183210,3,2,5,2,2,2,4,5,1,1,2,2,7,3,2,4,2,5,2,3,2,1,1,2
"257",414212783,1,1,2,2,1,2,5,1,7,4,3,1,9,3,1,1,3,3,3,3,1,1,1,1
"258",410689586,4,1,5,2,1,2,1,1,3,1,4,1,9,3,2,4,3,3,3,2,2,1,2,1
"259",414281289,2,2,2,2,1,2,5,1,6,4,1,3,6,3,1,2,2,3,2,5,2,2,2,1
"260",414316363,3,2,2,2,1,2,7,1,7,3,2,2,4,3,2,1,2,3,2,2,1,1,1,2
"261",412961152,2,1,5,1,1,2,1,5,4,3,4,2,9,3,2,4,2,5,5,5,1,1,2,1
"262",417015985,3,2,2,2,1,2,5,5,3,1,4,1,3,3,1,4,5,1,5,1,1,1,2,1
"263",415304612,2,2,2,2,1,2,7,5,1,4,1,1,3,3,2,3,3,2,3,5,1,1,2,1
"264",417690718,4,2,3,2,3,2,1,5,5,3,4,3,3,3,2,2,2,2,3,3,1,1,2,2
"265",417080826,1,1,5,2,1,2,1,1,5,5,1,1,12,3,1,1,3,3,3,3,1,1,1,1
"266",417617392,3,1,6,2,1,2,5,1,1,3,3,1,10,3,1,4,2,2,2,2,2,1,2,2
"267",414518120,3,2,6,2,1,2,1,1,2,2,4,3,10,3,2,3,2,2,2,3,2,1,1,1
"268",413458433,2,2,2,2,1,2,1,1,1,2,1,1,6,2,1,4,2,2,2,2,2,2,2,1
"269",415918483,4,1,5,2,1,2,1,1,4,3,2,1,12,3,2,3,3,3,3,3,1,1,1,1
"270",412879923,3,1,2,2,1,2,5,1,7,5,1,1,8,2,1,1,2,2,2,2,1,2,2,1
"271",412903603,3,1,5,2,1,2,1,5,7,4,3,1,6,3,1,2,2,2,2,2,1,1,1,1
"272",413204278,3,2,2,2,1,2,4,6,1,3,3,2,5,2,2,4,2,3,2,3,2,1,1,2
"273",413947690,3,1,4,2,2,2,5,1,1,3,3,2,7,2,2,4,2,2,2,1,2,2,2,1
"274",417080443,4,1,2,2,1,2,5,1,7,5,2,1,11,2,1,1,3,3,3,3,1,2,2,1
"275",414191558,3,2,2,2,1,2,7,1,3,3,1,4,9,3,2,3,3,2,2,5,1,1,1,2
"276",412354820,2,2,4,2,3,2,1,4,7,4,2,1,8,3,1,2,2,3,3,2,1,2,2,1
"277",414755789,4,2,2,2,1,2,7,6,5,5,1,1,4,3,2,2,2,5,5,2,1,1,2,2
"278",414149158,4,1,3,2,1,2,1,1,6,4,1,1,12,2,1,1,3,3,3,3,1,1,2,1
"279",413941833,2,1,2,2,1,2,5,1,5,5,1,1,3,2,2,1,2,3,2,2,2,1,2,2
"280",411887164,4,2,3,2,1,2,1,5,7,4,4,1,2,2,2,4,3,3,3,2,2,2,2,1
"281",415717357,1,1,5,2,1,2,1,1,6,5,1,1,4,2,1,2,3,3,3,2,1,2,2,1
"282",417835248,2,1,5,2,1,2,4,1,5,5,1,1,6,2,2,2,2,3,3,2,1,2,2,1
"283",412282737,3,1,3,2,1,2,6,1,5,5,1,1,7,3,1,1,5,3,3,2,1,1,1,1
"284",413501475,3,1,5,2,4,2,1,1,1,2,1,1,8,3,1,4,2,2,2,2,2,1,1,1
"285",412873954,1,2,5,2,1,2,2,1,3,1,4,2,9,3,2,4,2,3,3,3,2,1,1,1
"286",415198395,2,1,4,1,2,2,1,5,1,4,2,1,7,3,1,4,2,2,2,3,2,2,1,1
"287",414227390,3,1,6,2,1,2,2,1,3,2,1,1,7,2,1,1,2,3,2,5,2,1,2,1
"288",420245662,1,1,6,2,1,2,1,1,7,4,1,1,8,3,1,3,3,3,2,2,1,1,1,1
"289",418874286,4,2,5,1,1,2,1,1,2,1,4,1,10,3,2,4,2,3,3,3,2,1,2,1
"290",413161427,3,1,2,2,1,2,5,5,7,5,1,1,3,3,2,1,2,2,2,2,1,1,2,1
"291",415341316,4,1,6,2,1,2,1,5,1,1,4,1,9,2,1,4,3,3,3,3,2,1,2,1
"292",413408345,3,1,2,2,1,2,5,1,7,5,1,1,6,3,2,1,3,2,2,2,1,1,1,1
"293",414220141,3,1,3,2,3,2,1,5,4,3,1,2,4,3,2,1,2,3,3,3,1,1,2,1
"294",412765525,1,2,5,2,1,2,1,1,6,5,1,4,5,3,2,3,3,5,2,3,1,1,1,1
"295",414161307,3,2,6,1,2,1,1,1,5,3,1,1,10,3,1,4,2,2,3,2,1,1,2,1
"296",420210515,4,1,3,2,1,2,1,1,4,3,2,1,6,3,2,1,5,5,5,5,2,1,1,1
"297",414231445,3,2,3,1,1,2,6,5,1,3,4,2,1,3,2,4,2,3,5,5,2,1,1,1
"298",412899005,3,2,5,2,1,2,5,1,4,3,3,1,8,2,1,2,5,3,5,5,1,1,1,1
"299",412355402,1,2,4,2,2,2,2,5,2,4,1,2,9,1,1,4,3,3,3,2,1,1,2,1
"300",412881090,4,2,2,2,1,2,2,5,4,3,2,3,1,1,2,4,5,5,5,5,2,2,2,2
"301",415705586,3,2,5,2,1,2,5,3,7,4,1,1,12,3,1,1,2,2,2,2,1,1,1,1
"302",412920581,2,1,3,2,1,2,8,5,7,5,3,2,10,3,2,1,2,3,3,3,1,1,1,1
"303",412980917,3,2,3,2,1,2,5,3,7,5,1,1,2,3,1,1,2,3,2,2,1,1,2,1
"304",418065191,4,1,6,2,1,2,1,1,7,4,1,1,11,3,1,1,2,2,2,2,1,2,2,2
"305",413041959,2,2,5,1,3,2,1,5,2,3,2,3,10,3,1,4,1,5,1,5,2,1,1,2
"306",415587029,3,2,2,2,1,2,1,1,7,5,1,4,7,3,2,1,2,5,5,2,1,1,2,2
"307",415450991,1,2,5,2,1,2,2,1,6,5,2,4,4,3,1,2,5,1,1,1,2,2,1,1
"308",412518090,3,2,2,2,1,2,7,1,7,4,2,1,10,3,2,1,2,3,2,2,1,1,1,1
"309",414403073,3,2,2,2,1,2,5,4,4,3,3,2,2,3,2,3,2,2,2,2,2,1,1,1
"310",417079656,4,1,4,2,1,2,5,1,7,5,1,1,7,3,2,1,2,5,2,2,1,2,2,1
"311",413031424,3,1,2,2,1,2,1,1,5,3,2,1,13,3,2,1,3,3,3,2,1,1,2,1
"312",414388011,2,2,2,2,1,2,5,1,2,3,2,2,6,2,2,3,2,3,2,2,2,1,1,1
"313",414725584,1,2,4,2,3,2,1,6,3,1,1,1,4,3,2,4,3,3,5,1,2,1,1,1
"314",415377411,3,2,6,1,1,2,1,1,7,4,1,1,8,3,1,1,3,3,3,2,1,1,2,1
"315",417077729,1,1,5,2,3,2,1,5,4,3,4,1,10,1,1,2,3,3,3,1,2,2,2,1
"316",413000721,3,2,6,1,1,2,1,1,3,1,4,1,5,3,2,4,2,2,2,2,2,1,1,1
"317",415504972,3,2,2,2,5,2,1,5,2,3,4,2,2,3,2,4,1,2,2,2,2,1,2,2
"318",414255330,4,2,5,1,2,2,7,5,1,2,1,3,11,2,1,3,3,3,3,2,1,2,1,1
"319",411814710,3,2,4,2,2,2,4,3,1,1,1,1,2,3,1,4,2,2,2,5,2,1,1,1
"320",412319979,4,2,6,2,1,2,5,3,1,2,3,1,6,3,1,4,3,3,3,5,2,2,2,1
"321",412879917,3,2,3,2,1,2,5,5,2,2,1,1,2,3,2,4,2,5,2,5,2,2,2,2
"322",413400265,3,2,4,2,6,2,4,3,5,1,4,2,1,3,2,3,5,5,5,5,1,1,2,1
"323",412392648,1,2,6,1,1,2,9,1,5,3,3,2,3,3,1,1,3,5,5,2,1,2,2,1
"324",414632690,3,2,5,2,1,2,2,1,7,5,1,2,7,3,1,2,2,5,2,5,1,1,2,2
"325",420241364,3,1,6,2,1,2,1,1,3,1,4,1,7,1,1,4,2,3,2,2,2,1,1,1
"326",420180782,1,2,3,1,1,2,2,5,1,1,2,1,11,3,1,4,3,3,3,3,1,1,1,1
"327",419411673,3,2,6,1,1,2,1,1,7,5,1,1,12,3,2,1,2,2,2,2,1,2,2,1
"328",417351569,1,1,6,2,1,2,1,2,1,3,1,1,7,3,1,4,3,3,2,3,2,2,2,1
"329",414235619,3,2,2,2,2,2,7,1,1,3,1,2,4,3,2,4,2,3,2,3,1,1,2,1
"330",416860483,3,2,2,2,1,2,5,1,1,2,2,1,10,3,1,4,2,3,2,3,2,2,2,1
"331",412888067,2,1,5,2,1,2,1,1,7,4,1,1,8,2,1,1,2,3,3,2,1,2,2,1
"332",411868473,4,1,5,2,1,2,5,3,2,1,4,1,3,2,2,4,3,3,3,2,2,1,2,2
"333",413778029,3,1,5,2,1,2,1,1,5,5,1,1,11,2,1,2,2,2,2,5,1,2,2,1
"334",413034618,3,2,2,2,1,2,5,6,2,2,1,3,2,3,2,4,2,2,2,2,2,2,2,2
"335",412874958,4,2,5,2,1,2,2,1,2,2,2,3,4,3,2,4,3,3,3,3,2,1,2,2
"336",414161370,3,2,2,2,1,2,5,1,1,2,4,1,11,3,1,4,2,3,2,2,2,1,2,1
"337",410535466,3,2,3,1,1,2,2,1,1,1,3,1,6,3,1,4,2,3,2,2,2,2,2,1
"338",412245935,3,2,5,2,2,2,1,1,1,3,1,1,7,2,2,4,2,3,2,3,2,2,2,1
"339",412911479,3,1,4,2,1,2,6,3,3,1,4,1,2,3,2,4,2,2,2,2,2,2,2,1
"340",417352809,1,1,6,2,1,2,5,1,1,1,1,1,9,3,2,4,3,3,2,3,2,2,2,2
"341",411869164,4,2,1,2,1,2,5,3,5,3,2,1,4,3,2,2,3,3,3,5,2,1,1,1
"342",415231066,3,2,5,2,1,2,1,5,6,4,2,2,7,3,1,2,3,2,2,5,1,1,2,2
"343",412992781,1,1,2,2,1,2,5,1,7,4,3,1,5,3,1,1,2,4,2,3,1,1,2,1
"344",420272589,3,1,6,2,1,2,1,1,1,1,4,1,8,2,1,4,2,3,2,2,2,1,2,2
"345",415196920,2,2,2,2,4,2,7,1,7,3,1,2,6,3,2,2,5,5,5,5,1,1,1,1
"346",412619479,2,1,5,1,1,2,1,1,7,5,1,1,13,3,1,2,2,2,3,2,1,1,2,1
"347",416395975,1,1,2,2,1,2,1,1,7,5,3,2,5,3,2,1,3,2,2,2,1,1,1,1
"348",413145070,2,1,2,2,1,2,2,4,1,1,4,1,3,3,2,4,2,2,3,2,2,2,2,1
"349",412012719,4,2,6,2,1,2,5,1,7,5,1,1,11,2,1,1,3,3,3,3,1,2,2,1
"350",418249092,3,1,6,1,1,2,1,1,5,4,3,1,12,3,1,2,2,2,2,2,1,2,1,1
"351",415222309,2,2,2,2,1,2,1,5,4,2,3,3,4,3,1,3,2,3,2,1,2,2,2,1
"352",412899039,2,1,5,2,1,2,1,5,3,2,4,1,5,1,1,4,2,3,3,2,2,1,2,2
"353",415712540,2,1,2,2,1,2,7,6,2,2,4,1,7,3,2,2,2,3,3,5,1,1,1,2
"354",412544849,3,1,6,2,1,1,4,1,6,3,2,1,5,3,2,1,2,3,2,3,1,2,1,2
"355",414227957,3,1,5,2,2,2,4,5,1,3,2,2,1,3,1,3,2,3,2,3,1,1,2,1
"356",414211281,3,2,2,2,1,2,5,4,4,2,1,4,2,3,2,2,2,3,3,2,2,1,2,1
"357",411800829,2,2,5,2,1,2,7,1,2,4,2,2,10,3,1,2,2,2,3,2,1,1,2,1
"358",411896870,4,1,3,2,1,2,1,1,4,5,1,1,11,2,2,1,3,3,3,2,1,2,1,1
"359",412318843,1,1,4,1,1,2,1,1,6,3,2,3,10,3,2,2,2,3,3,5,2,2,2,1
"360",415655927,2,2,5,1,1,2,1,5,3,2,2,3,7,3,2,4,5,3,5,5,1,1,2,1
"361",418916383,1,1,6,1,1,2,1,1,5,2,1,2,10,1,1,1,2,3,3,3,1,2,1,2
"362",413131138,2,2,5,1,1,2,1,5,7,4,1,1,7,3,2,1,2,2,3,5,1,1,2,1
"363",412311035,3,1,6,1,1,2,7,1,3,3,3,2,3,3,2,3,3,2,2,2,2,1,1,1
"364",415953302,3,1,3,2,1,2,6,5,7,5,2,1,8,3,2,1,2,2,2,2,1,1,1,1
"365",412374703,2,2,3,1,1,2,2,6,1,1,4,1,1,3,2,4,2,3,5,2,2,1,2,1
"366",413167298,1,2,5,2,1,2,1,3,7,5,1,2,10,3,1,1,3,3,3,2,1,2,2,1
"367",417167365,2,2,2,1,1,2,2,1,7,5,1,1,2,1,2,1,2,2,2,2,1,1,1,1
"368",412410103,3,2,4,2,1,2,5,4,1,2,1,1,4,1,2,4,2,3,2,5,2,1,2,2
"369",416480233,4,2,2,2,1,2,5,5,2,3,3,2,5,1,1,4,3,3,3,3,2,2,1,1
"370",413400296,3,2,3,1,1,2,1,3,7,5,1,2,6,3,2,1,2,2,2,2,1,1,2,1
"371",412900035,4,2,4,1,1,2,6,1,4,1,2,1,6,3,2,4,3,2,3,2,2,2,2,2
"372",414151510,3,2,2,2,1,2,5,3,4,4,4,1,1,3,2,3,5,5,2,5,2,1,2,1
"373",418065089,2,1,6,2,1,2,5,1,7,4,2,1,3,2,1,1,2,3,2,2,1,1,2,1
"374",412294020,3,2,6,2,1,2,5,1,7,5,2,1,5,3,1,1,2,2,2,2,2,1,1,1
"375",413554064,3,2,5,2,1,2,5,4,5,4,1,1,6,3,2,1,2,2,2,2,1,1,2,1
"376",413409413,3,2,5,2,1,2,7,1,3,3,4,1,10,3,1,4,3,2,2,2,2,1,2,2
"377",417000795,3,2,2,2,1,2,5,3,7,3,1,1,6,3,2,1,2,5,5,2,1,1,2,1
"378",412736795,4,2,5,2,1,2,1,1,2,2,1,1,7,2,2,4,2,2,2,3,2,2,2,2
"379",417514349,1,1,2,2,1,2,5,1,4,3,4,2,9,2,1,2,3,3,3,3,1,2,2,1
"380",415528311,3,1,2,2,1,2,4,5,4,4,4,4,2,3,2,3,5,5,5,5,2,2,1,2
"381",412038393,3,2,4,2,1,2,1,1,6,4,1,1,10,3,1,2,2,3,3,3,1,1,1,2
"382",417328857,2,2,6,1,1,2,8,1,1,2,2,2,7,3,2,4,2,5,3,3,2,1,1,1
"383",415877708,2,1,2,2,1,2,5,1,4,4,4,3,4,3,1,4,2,3,3,3,2,1,1,1
"384",416895771,4,2,3,2,1,2,5,4,7,4,1,1,9,3,1,1,3,3,3,3,1,2,1,1
"385",412933861,1,2,2,2,1,2,6,4,5,3,2,3,2,3,2,1,3,5,3,5,1,1,1,1
"386",414175310,3,2,2,2,1,2,6,5,7,5,1,1,5,3,1,1,2,2,2,2,1,1,1,1
"387",417618078,2,1,3,2,1,2,2,1,7,5,1,1,9,1,1,1,2,3,3,2,1,1,1,1
"388",414311569,3,1,3,2,2,2,1,5,2,2,3,2,4,3,2,4,2,1,2,3,1,1,1,2
"389",414203529,2,2,2,2,1,2,5,1,7,2,1,2,4,3,1,1,2,3,2,2,1,1,1,1
"390",413276863,2,2,5,2,1,2,2,1,1,3,4,1,13,2,1,4,2,3,5,2,2,1,1,1
"391",412656741,4,2,4,2,1,2,7,1,7,5,1,2,11,3,2,1,3,3,3,3,1,2,1,2
"392",416051768,4,1,2,2,1,2,5,1,4,3,2,2,5,3,2,2,2,2,2,2,2,1,1,2
"393",411666091,4,2,3,2,1,2,1,1,7,4,3,1,7,3,1,1,3,3,3,2,1,2,1,1
"394",412286683,1,1,6,1,5,2,1,1,6,4,1,2,11,2,1,1,3,3,2,3,1,1,1,1
"395",412528495,1,2,5,1,6,2,1,1,2,1,2,1,10,3,1,4,3,3,2,2,2,1,2,2
"396",410656606,3,2,5,2,1,2,1,1,7,5,1,2,8,3,1,1,3,5,5,2,2,1,1,1
"397",414196311,3,2,4,2,3,2,1,1,2,2,1,2,5,3,1,4,3,3,2,2,1,2,1,1
"398",417619944,1,1,3,2,1,2,5,4,7,5,1,1,3,2,1,1,3,3,2,2,2,1,1,1
"399",412880171,4,2,5,2,1,2,1,1,1,1,1,1,11,2,2,4,2,2,2,2,2,2,2,2
"400",416763015,2,2,5,2,1,2,1,1,7,4,1,2,9,3,1,1,2,2,2,2,2,2,2,2
"401",420191229,2,1,3,2,1,2,4,2,4,3,2,1,4,2,2,2,2,5,3,2,1,2,2,1
"402",412334398,3,2,6,2,1,2,5,5,1,1,4,1,4,3,1,4,2,3,2,3,2,1,2,1
"403",414259021,2,1,3,2,2,2,1,6,2,3,2,2,7,2,1,2,2,3,3,3,2,2,1,1
"404",415267229,3,2,3,1,1,2,2,5,7,5,1,4,6,3,2,2,2,2,2,2,1,1,1,2
"405",412044645,4,2,4,2,1,2,6,6,3,1,4,1,8,3,2,4,3,3,3,2,2,1,1,1
"406",412900800,4,2,5,1,1,2,7,3,2,2,4,2,2,3,2,4,3,3,3,2,2,2,2,1
"407",413081505,4,2,3,2,1,2,6,5,1,2,2,2,4,3,2,4,3,3,3,3,2,2,2,1
"408",414169770,4,2,5,2,1,2,1,1,2,1,4,3,11,3,1,1,5,3,2,5,2,1,1,1
"409",413982519,2,1,2,2,1,2,1,1,5,4,2,2,7,3,2,2,5,2,5,5,2,1,1,1
"410",417077403,3,2,5,2,1,1,1,1,1,1,4,1,10,3,2,4,3,3,3,3,2,1,2,2
"411",414877585,4,2,3,2,2,1,5,5,1,3,1,1,11,2,2,4,3,3,3,3,2,1,2,2
"412",412375254,2,1,2,1,1,2,5,1,7,4,1,1,9,3,1,1,2,2,3,2,1,1,1,1
"413",412340928,2,2,5,1,1,2,1,1,5,4,2,1,7,3,1,1,2,3,3,2,1,1,1,1
"414",412452422,4,2,3,2,1,2,4,4,1,2,2,1,1,3,2,4,3,3,3,2,2,1,2,1
"415",413705266,2,1,5,2,4,2,1,1,5,5,3,1,13,3,1,1,2,3,3,2,1,1,2,1
"416",411860946,2,1,5,2,1,2,7,1,5,4,1,1,8,2,1,1,2,3,3,3,1,1,2,1
"417",412890965,2,2,2,2,1,2,6,3,7,5,1,1,6,3,1,1,5,3,5,5,1,1,1,1
"418",410742991,4,2,5,2,1,2,6,4,1,2,4,1,6,2,1,4,2,3,2,3,2,2,2,1
"419",415151875,1,2,1,2,1,2,6,6,2,3,1,2,3,3,2,2,3,2,3,2,1,1,1,2
"420",414219984,2,2,2,2,1,2,7,6,2,3,3,3,3,3,2,4,3,3,3,3,2,2,2,2
"421",410948824,3,1,4,2,1,2,1,1,7,5,1,1,6,3,1,2,2,3,2,2,1,2,1,2
"422",415208638,3,2,3,2,3,2,1,5,4,3,1,1,6,3,2,4,2,1,2,1,2,1,1,2
"423",413291424,3,1,4,2,1,2,1,1,7,5,1,1,10,1,1,1,2,2,2,2,1,2,1,1
"424",420128783,3,2,5,1,1,2,1,1,1,1,4,1,5,3,2,4,2,2,2,5,2,2,2,2
"425",414228521,2,1,5,1,1,2,2,5,4,3,2,1,3,3,2,4,2,2,2,2,2,2,2,1
"426",410931571,3,2,4,2,1,2,5,1,2,3,2,2,4,3,2,4,3,2,2,2,2,1,2,1
"427",417080366,2,1,6,2,1,2,5,1,7,4,3,1,11,3,1,1,2,3,3,2,1,1,2,1
"428",414434758,4,1,5,2,2,2,1,1,1,4,1,1,10,3,2,4,3,3,3,3,1,1,1,1
"429",412285799,3,2,2,2,1,2,7,1,1,2,1,1,3,2,2,4,2,3,2,2,2,1,2,1
"430",415203324,3,2,2,2,1,2,2,1,2,1,4,3,5,3,2,3,1,5,1,1,1,1,1,2
"431",413112421,3,2,6,1,6,2,1,1,4,3,1,1,9,3,1,4,3,2,3,3,2,2,2,1
"432",410661738,3,1,5,1,1,2,8,5,3,2,4,2,10,3,2,4,2,3,2,2,2,2,1,1
"433",413440916,3,2,3,2,1,2,5,1,3,3,2,2,12,2,1,4,2,3,2,2,1,2,2,1
"434",414281407,4,1,3,2,2,2,1,1,2,2,2,4,6,1,2,2,2,1,1,1,1,1,1,1
"435",417618233,4,1,6,2,1,2,5,6,1,1,4,1,11,2,1,4,3,3,3,3,2,1,2,1
"436",413835774,1,2,5,1,1,2,1,1,4,3,2,1,10,3,2,1,3,3,2,2,1,1,1,1
"437",417081276,3,1,6,2,1,2,1,3,4,3,4,1,11,3,1,3,2,3,3,3,1,1,2,1
"438",417299439,3,2,2,2,2,1,1,1,7,5,1,1,5,3,2,3,2,3,2,3,2,1,2,2
"439",412292805,3,2,3,2,1,2,5,3,1,2,1,2,9,3,2,4,3,2,2,3,2,1,1,1
"440",420130919,2,1,6,2,1,2,1,1,7,4,1,1,11,3,1,2,2,3,3,2,1,2,2,1
"441",418941207,3,2,5,1,1,2,1,3,2,3,4,2,7,3,2,4,2,3,5,5,2,2,2,2
"442",412888236,3,2,2,2,1,2,7,1,7,5,1,4,2,3,2,1,5,5,5,5,1,1,1,1
"443",412480417,2,2,3,2,1,2,1,1,1,3,2,3,6,3,1,4,2,2,2,2,1,1,1,1
"444",412374928,3,1,5,2,1,2,5,1,7,4,1,1,8,3,1,1,2,2,2,2,1,2,2,1
"445",412335974,2,1,3,2,1,2,5,1,3,1,4,1,9,3,2,4,2,2,3,2,2,2,2,1
"446",413703745,2,2,2,2,7,2,5,1,7,5,1,1,9,2,1,1,2,2,2,2,1,1,2,1
"447",411983939,1,2,3,2,1,2,5,5,1,3,3,2,3,2,2,4,3,3,3,3,2,2,2,1
"448",410747552,2,2,6,1,1,2,1,5,2,3,2,2,3,3,2,4,2,2,3,1,2,2,2,1
"449",414937019,3,1,3,2,3,2,2,5,3,4,1,2,6,3,2,4,2,2,2,2,1,1,1,2
"450",416172727,3,1,2,2,1,2,5,1,7,5,1,2,4,3,1,1,2,2,2,2,1,1,1,1
"451",414609001,4,2,2,2,1,2,1,1,4,3,4,2,4,3,2,3,3,3,3,2,2,1,2,1
"452",417616583,2,2,4,1,3,2,1,6,7,4,2,1,8,3,2,1,2,5,5,5,2,1,1,1
"453",413529185,2,2,2,2,1,2,1,3,1,4,1,1,4,3,2,2,2,3,3,4,1,1,1,2
"454",414260258,4,2,6,1,7,2,1,1,4,3,1,3,7,1,2,3,3,2,2,3,2,1,1,1
"455",413152707,2,2,3,1,1,2,1,1,7,5,1,1,8,3,2,1,2,3,2,2,1,1,1,1
"456",413134701,1,2,1,2,2,2,5,5,1,3,1,1,1,1,2,3,3,2,3,2,2,1,2,1
"457",418251869,2,1,5,1,1,2,1,1,1,1,4,1,5,3,2,4,2,3,2,2,2,1,2,1
"458",413916986,2,2,2,2,1,2,6,1,7,4,4,1,7,2,1,1,2,3,3,2,1,1,1,1
"459",414305601,3,2,2,1,1,2,2,2,6,4,2,3,11,3,2,2,3,2,2,5,1,1,1,1
"460",417351561,1,1,6,2,1,2,5,1,5,4,2,1,9,3,1,1,3,3,2,3,1,2,2,1
"461",414342012,3,2,5,1,1,2,7,5,3,3,4,3,5,3,2,2,2,1,1,1,1,1,1,2
"462",414359691,3,2,3,2,1,2,4,5,2,3,2,2,5,3,2,3,2,2,5,2,2,1,2,1
"463",413873017,3,2,2,2,1,2,4,5,7,5,2,2,3,3,2,1,2,3,2,5,1,1,1,1
"464",413120186,4,2,5,2,1,2,2,5,3,2,2,2,7,3,2,4,3,3,3,3,2,2,2,2
"465",417182725,3,2,2,2,1,2,4,5,4,4,4,2,4,3,2,3,2,3,2,2,1,1,2,1
"466",415451641,2,2,6,1,1,2,1,1,1,2,2,2,10,3,2,4,2,5,3,2,2,1,1,2
"467",418064298,3,1,5,2,1,2,5,1,7,5,1,1,9,3,1,1,2,2,2,2,1,2,2,1
"468",410746326,2,1,4,2,1,2,4,5,5,3,3,1,6,3,2,2,3,3,3,2,1,1,1,1
"469",415258128,1,2,5,1,1,2,1,5,1,1,3,2,6,3,2,4,3,3,3,3,2,1,2,1
"470",413840545,3,2,4,2,1,2,6,1,7,4,2,1,4,2,1,1,2,3,2,3,1,1,1,1
"471",416340549,2,2,2,2,1,2,5,1,7,3,2,2,7,2,2,1,2,3,5,5,1,1,1,1
"472",414210088,4,2,2,2,1,2,6,1,7,4,4,2,7,3,2,2,2,3,3,3,2,1,1,2
"473",411854286,4,1,3,2,1,2,5,1,4,3,3,1,5,3,1,3,3,3,3,3,2,1,2,1
"474",414598151,3,2,5,2,3,2,5,5,6,4,1,2,2,3,2,2,2,3,5,5,2,1,1,1
"475",413669980,1,2,2,2,1,2,2,1,6,3,3,3,8,3,2,1,2,4,3,2,1,1,1,2
"476",413065258,3,2,5,1,1,2,7,1,1,2,4,1,5,3,2,4,2,2,2,2,2,1,1,2
"477",418064125,4,1,6,1,1,1,1,1,4,3,2,2,9,3,2,4,2,3,2,2,2,2,2,1
"478",412893380,3,1,3,2,1,2,1,1,2,2,4,1,11,3,1,4,2,2,2,2,2,1,2,1
"479",417224933,2,1,3,1,1,2,1,1,2,3,2,2,10,2,1,3,2,2,3,3,1,1,1,1
"480",412293122,4,1,3,2,1,2,5,4,1,1,2,1,7,1,1,4,2,3,2,3,2,1,1,1
"481",414039258,3,1,6,1,1,2,1,5,5,4,1,3,4,3,2,1,2,3,2,2,2,1,2,1
"482",414050590,2,2,5,1,1,2,1,5,1,2,4,3,3,3,2,4,5,3,2,5,2,2,2,1
"483",420149398,3,2,6,2,1,2,5,6,3,3,2,1,5,3,1,4,2,3,2,2,2,1,2,1
"484",414573262,2,2,2,2,1,2,7,1,1,2,2,2,7,3,2,4,2,3,2,2,1,2,2,2
"485",420195675,3,2,4,1,1,2,6,5,4,4,2,2,2,3,2,1,5,5,2,5,1,1,1,1
"486",412903521,4,2,2,2,1,2,7,5,2,3,4,3,4,3,2,4,5,2,5,5,2,1,1,1
"487",414179372,3,1,2,2,1,2,6,1,7,4,2,1,3,3,2,1,2,2,2,2,1,1,2,1
"488",413123186,3,1,2,2,1,2,5,5,6,3,2,1,3,3,2,4,2,3,2,2,2,2,2,1
"489",417196589,4,1,3,2,1,2,1,6,3,2,4,3,6,3,2,4,3,5,5,5,2,1,1,1
"490",415227501,2,2,1,2,1,2,8,5,1,5,2,3,3,3,2,4,2,3,2,3,1,1,1,2
"491",415099196,4,2,2,1,1,2,1,1,7,4,2,2,4,1,2,2,5,5,1,3,2,1,1,1
"492",412898429,2,1,3,2,1,2,2,5,4,3,3,2,2,2,2,4,2,2,3,2,2,2,2,1
"493",414387768,3,2,5,2,3,2,7,1,1,3,1,1,9,3,2,4,2,3,2,3,2,1,1,1
"494",412285017,4,2,6,2,1,2,5,3,1,1,4,1,11,3,1,4,2,3,2,2,2,2,2,1
"495",414049508,2,2,2,2,1,2,6,1,6,4,2,2,5,3,2,2,2,3,5,5,1,1,1,1
"496",411986901,2,1,3,2,1,2,5,1,4,3,1,1,9,2,1,1,2,3,3,2,1,1,1,1
"497",412338999,2,2,3,1,1,2,1,1,7,5,4,4,9,3,2,1,2,5,5,5,1,1,1,2
"498",415668139,3,2,5,1,2,2,1,3,1,2,2,1,7,3,1,4,2,2,2,2,2,2,1,2
"499",416222898,4,1,4,1,3,2,1,6,4,3,2,3,5,3,1,3,3,5,5,5,2,2,2,2
"500",414347197,3,2,2,2,1,2,5,3,6,5,1,3,11,3,2,1,2,5,2,5,1,1,1,1
"501",417139281,4,2,2,2,1,2,5,1,5,4,1,1,9,3,1,2,2,5,5,3,1,1,2,2
"502",415989365,3,2,6,2,3,2,1,1,6,3,1,3,6,3,2,2,2,3,2,2,1,1,1,1
"503",412529540,3,2,2,2,1,2,1,1,7,4,1,1,4,3,1,1,2,2,3,3,1,1,2,1
"504",412469548,1,1,6,2,1,2,5,3,1,2,2,1,7,3,1,4,2,4,2,3,2,1,1,1
"505",415659562,3,1,5,2,1,2,2,5,5,4,2,1,3,3,1,2,3,2,2,2,1,1,1,1
"506",412974856,4,2,6,2,4,2,2,1,1,2,4,3,7,3,2,4,3,3,3,5,2,2,1,2
"507",412956602,1,2,6,1,1,2,1,3,1,1,4,1,8,1,2,4,3,3,3,3,2,2,2,1
"508",413217227,1,1,5,2,1,2,6,3,5,3,4,1,5,3,2,1,3,3,3,3,1,1,1,1
"509",418249787,3,1,4,2,1,2,1,3,7,5,1,1,9,2,1,1,2,3,2,3,1,2,2,1
"510",414375205,2,2,2,2,1,2,1,1,6,4,4,3,5,3,2,2,2,3,2,5,1,1,2,1
"511",413535480,4,2,3,1,1,2,1,6,3,1,4,1,9,3,2,4,2,2,2,3,2,1,1,1
"512",414290349,3,1,3,1,2,1,4,5,4,3,3,4,1,3,2,3,1,1,5,1,1,1,1,1
"513",415273823,2,1,5,2,1,2,5,3,7,5,1,1,3,2,1,1,2,3,3,2,1,2,2,1
"514",419297676,1,2,6,2,6,1,1,5,2,2,3,2,5,3,1,4,2,3,3,3,1,1,1,2
"515",412336474,2,2,2,2,1,2,5,6,1,1,2,1,3,3,2,4,2,2,2,3,1,1,1,1
"516",417087530,2,2,2,2,1,2,5,1,7,4,3,1,9,3,1,1,2,2,3,2,1,2,1,1
"517",414366778,1,1,3,1,3,2,1,6,3,1,1,1,4,3,2,3,3,3,2,3,2,2,1,1
"518",418632275,2,1,5,1,1,2,2,5,3,1,4,1,2,3,2,4,2,3,2,2,2,1,1,1
"519",416280754,2,2,2,2,1,2,1,1,1,1,4,2,3,3,2,4,2,2,3,3,2,2,1,2
"520",412954047,1,2,3,2,1,2,5,1,7,4,1,1,15,3,1,1,3,3,3,2,1,2,1,1
"521",417080384,2,1,6,2,1,2,5,1,6,5,3,1,11,2,1,2,2,2,3,3,1,1,1,1
"522",417619271,3,1,6,2,1,2,9,1,3,3,3,1,5,2,1,4,3,3,3,2,2,1,2,1
"523",414805229,3,1,3,2,2,2,1,4,1,2,2,1,7,3,2,4,2,2,4,2,2,1,1,2
"524",417553299,4,2,5,2,1,2,1,5,1,1,4,1,10,3,2,4,3,3,3,3,2,1,2,1
"525",412894794,1,2,2,2,1,2,5,1,4,4,2,2,4,3,2,2,3,3,3,3,2,1,2,1
"526",413531689,1,2,5,1,2,2,1,5,2,1,2,3,4,2,2,4,5,5,5,5,2,1,1,1
"527",412284869,3,2,3,2,1,2,6,3,3,3,1,1,3,3,1,4,2,2,2,2,2,2,2,1
"528",417831371,4,1,5,2,3,2,1,1,4,3,4,1,10,2,1,2,3,3,3,2,1,2,2,1
"529",411997070,2,2,3,1,1,2,5,1,7,5,1,1,6,3,2,1,2,3,2,3,1,1,1,1
"530",412335096,3,1,2,2,1,2,5,3,5,4,2,1,2,2,2,2,3,3,3,3,1,1,1,1
"531",414228010,3,1,2,2,1,2,5,1,1,4,2,2,4,3,1,4,2,3,2,5,2,2,1,2
"532",415927244,1,1,5,2,1,2,1,5,5,4,1,2,5,3,1,2,3,3,5,5,1,2,2,1
"533",412221321,3,2,2,2,1,2,2,1,6,3,2,2,6,3,2,2,2,2,2,2,1,1,1,1
"534",413785356,4,2,3,1,1,1,1,1,7,4,3,1,9,1,2,2,3,3,3,5,2,2,2,1
"535",412306909,2,1,2,2,1,2,5,1,4,2,4,1,4,3,2,4,2,3,2,5,2,1,1,1
"536",413072270,2,2,2,2,1,2,5,1,1,2,3,1,2,2,1,4,2,3,3,2,2,1,1,1
"537",414726069,1,1,2,2,1,2,5,4,5,4,2,2,7,3,1,1,2,3,3,3,1,1,1,1
"538",419157756,4,2,1,2,3,2,1,1,1,3,2,2,2,3,2,3,2,5,5,3,2,1,2,1
"539",412300386,3,2,3,2,1,2,1,1,1,1,3,1,5,3,1,4,2,2,2,2,2,1,1,1
"540",410941245,4,1,5,2,1,2,1,1,1,1,4,1,11,3,1,4,3,3,3,3,2,2,2,2
"541",420139947,3,1,6,2,1,2,1,1,3,3,1,1,13,3,1,4,2,2,2,2,2,2,2,1
"542",412286417,3,2,3,2,1,2,5,3,5,5,1,2,3,3,1,2,2,5,2,2,1,1,1,1
"543",419248510,4,2,4,2,2,2,1,5,3,2,1,1,5,3,1,4,5,3,5,5,2,1,1,1
"544",411632326,4,1,2,2,2,2,1,3,5,5,1,1,5,3,2,1,2,2,2,2,1,2,2,1
"545",417613667,2,1,3,2,6,2,5,5,1,4,1,2,4,1,1,2,2,3,2,3,1,1,2,1
"546",415540527,1,1,5,2,2,2,1,5,4,3,4,1,8,1,1,1,3,3,3,3,1,2,2,1
"547",412339627,1,2,5,1,2,2,1,3,3,5,1,2,4,2,2,2,3,3,2,3,1,1,2,1
"548",418063655,2,1,3,2,1,2,1,1,5,5,1,1,10,1,1,1,5,3,2,2,1,1,1,1
"549",411332246,3,1,6,2,1,2,5,1,7,5,2,1,6,2,1,3,2,2,2,2,1,1,1,1
"550",414366825,3,2,2,2,2,2,7,1,1,1,4,2,6,3,2,4,2,2,2,2,2,1,2,2
"551",412924762,4,2,2,1,1,2,4,5,7,4,1,1,8,3,2,2,3,3,3,3,1,2,2,2
"552",412364351,4,2,6,1,1,2,1,3,1,2,3,1,8,1,1,4,3,3,3,3,2,1,1,1
"553",412002664,1,1,6,2,1,2,1,1,3,1,4,1,10,2,1,4,3,3,3,3,2,1,1,2
"554",410598240,2,1,4,2,1,2,5,1,4,3,2,1,7,3,1,2,2,2,2,2,1,1,1,1
"555",413109095,2,2,6,1,1,2,1,6,4,3,4,4,9,1,2,2,2,5,5,5,2,1,1,1
"556",412297643,2,2,6,1,1,2,1,5,2,1,4,1,6,2,1,4,2,3,3,3,2,2,2,1
"557",420136383,2,2,5,2,1,2,1,5,7,3,3,1,9,1,2,2,2,3,3,2,1,1,1,1
"558",416247510,3,2,2,2,1,2,5,1,7,5,1,1,5,3,2,1,2,3,2,2,1,1,1,1
"559",414321712,3,2,2,2,1,2,1,1,7,5,1,3,11,3,2,1,2,5,5,5,1,1,2,1
"560",412951766,4,1,3,2,1,2,1,1,7,5,1,1,5,3,2,1,3,3,3,3,1,2,2,1
"561",415308143,4,2,6,2,1,2,7,1,4,3,1,1,15,3,1,4,2,2,2,2,1,2,2,1
"562",412222344,2,1,6,2,1,2,1,1,1,1,3,1,9,2,1,4,2,2,2,2,2,2,2,1
"563",418252030,1,1,6,2,1,2,1,1,1,1,4,1,10,1,1,4,3,3,3,3,2,2,2,1
"564",410692096,1,2,3,1,1,2,2,5,7,5,1,1,5,3,2,1,3,3,2,3,1,1,1,1
"565",412003389,3,2,5,2,7,2,5,4,1,1,3,1,10,1,1,4,2,2,2,2,2,2,2,1
"566",417081402,1,1,4,2,1,2,5,1,1,1,4,1,12,2,1,4,3,3,2,2,2,2,2,1
"567",417836401,2,1,3,2,1,2,5,3,5,3,2,1,2,3,1,1,2,3,3,3,1,2,2,1
"568",410922896,2,1,6,2,1,2,5,1,1,1,4,1,9,1,1,4,2,2,2,2,2,2,2,2
"569",412262917,4,1,5,1,1,2,1,1,5,5,1,2,3,3,2,2,2,2,2,2,1,2,2,2
"570",412275885,2,1,5,2,1,2,1,1,5,5,1,1,11,3,1,1,2,2,3,3,1,2,2,1
"571",412299630,1,1,6,2,1,2,5,5,4,4,4,1,8,3,1,2,3,3,3,2,1,1,1,1
"572",414451062,4,1,3,2,3,2,5,3,5,4,2,2,4,1,1,2,2,2,2,2,1,1,1,1
"573",416547815,1,2,5,1,1,1,1,1,2,3,1,1,11,1,1,2,3,3,5,5,1,1,1,2
"574",415611704,4,2,5,2,4,2,1,1,1,4,2,4,7,1,1,4,3,5,3,3,2,1,1,2
"575",412291429,4,2,3,2,1,2,5,1,5,3,1,1,7,3,2,1,5,5,3,2,1,1,1,1
"576",414368413,3,2,5,1,2,2,1,5,1,2,3,1,5,3,2,4,2,3,2,3,2,2,2,2
"577",410944680,3,1,5,2,1,2,5,1,7,4,1,1,8,3,1,1,2,2,2,2,1,1,1,2
"578",413095128,3,1,5,2,2,2,9,1,1,2,1,1,6,3,2,4,3,2,2,3,2,1,1,1
"579",417841135,3,2,2,1,1,2,7,1,4,3,1,4,5,3,2,2,2,2,2,2,2,2,1,2
"580",413510145,1,2,1,2,1,2,2,5,1,1,4,2,11,3,2,4,3,5,3,1,1,1,2,2
"581",411994727,3,1,5,2,1,2,5,1,3,3,3,1,4,3,2,4,2,3,2,2,2,1,1,1
"582",412916702,1,2,3,1,1,2,4,1,1,2,1,1,4,3,2,4,1,2,5,3,2,2,1,2
"583",418063607,3,1,6,2,1,2,5,1,6,5,3,1,12,3,1,1,2,2,2,2,1,2,1,1
"584",410909264,3,2,3,2,1,2,7,1,4,3,2,3,4,3,2,3,2,2,2,2,2,1,2,2
"585",415285663,2,2,3,2,1,2,7,5,6,5,1,2,3,3,2,2,2,5,3,5,1,1,1,1
"586",414253039,3,2,2,2,1,2,5,3,1,2,1,2,5,3,2,4,2,3,2,5,2,2,1,1
"587",417178263,2,2,2,2,1,2,7,1,7,5,1,1,3,2,2,1,2,3,5,2,1,2,2,1
"588",412982476,1,1,5,2,1,2,1,5,1,1,4,1,5,1,2,4,3,3,3,2,2,2,2,2
"589",415789775,4,2,3,2,6,1,1,6,4,3,1,2,9,3,2,4,3,3,3,5,2,2,1,1
"590",415711884,2,2,5,2,1,2,1,1,1,2,1,1,8,3,1,4,2,2,3,3,2,1,2,2
"591",412406086,3,2,2,2,1,2,5,1,7,5,1,2,5,3,2,1,2,2,2,2,1,1,1,1
"592",412387309,1,2,3,1,1,2,5,4,1,2,3,1,8,1,1,4,3,3,3,2,2,1,1,1
"593",413013793,3,2,2,2,1,2,1,1,3,1,2,1,5,3,2,4,2,3,2,3,2,1,2,1
"594",410765985,3,2,5,1,2,2,1,1,1,3,2,2,9,3,1,4,1,1,1,1,2,1,2,1
"595",420153324,1,2,3,2,1,2,1,5,6,3,2,1,7,3,1,1,3,3,2,3,1,1,1,1
"596",417570867,1,1,5,2,1,2,1,5,1,1,4,1,10,3,1,4,2,5,3,3,2,1,1,1
"597",416686618,4,2,5,1,1,2,1,1,1,3,4,3,10,3,2,4,2,2,2,2,1,1,1,1
"598",416395512,1,1,3,1,2,2,1,1,2,3,3,2,9,2,1,4,3,3,5,3,2,1,1,1
"599",417077665,3,1,3,2,3,2,1,1,6,4,1,1,8,2,1,3,2,2,2,2,1,2,1,1
"600",412979463,3,2,6,1,2,2,1,6,2,3,1,4,7,3,1,4,3,2,2,2,2,2,2,2
"601",415213627,4,2,5,1,1,2,1,5,1,1,4,1,5,3,1,4,3,3,3,2,2,1,1,1
"602",411891143,4,1,5,2,7,2,1,5,4,3,1,1,6,3,1,1,3,3,3,3,1,1,2,1
"603",415208515,2,2,5,1,1,2,1,6,1,2,4,2,5,3,1,4,3,3,3,3,2,2,2,2
"604",413059111,1,2,6,1,1,2,2,1,1,1,2,2,11,2,1,4,3,3,2,2,2,2,2,2
"605",412348722,1,2,5,1,1,2,1,1,6,3,3,1,12,3,2,4,3,3,3,3,2,1,1,1
"606",412903375,3,2,3,2,1,2,8,5,1,2,4,1,11,3,2,4,2,3,3,3,2,1,2,1
"607",412871676,2,1,5,2,1,2,1,1,6,3,4,1,9,1,1,4,2,2,2,2,2,1,2,1
"608",412282571,3,1,2,2,1,2,5,3,7,5,1,1,4,1,2,1,2,3,2,2,1,1,2,1
"609",412976130,1,1,2,2,1,2,5,1,5,4,2,1,6,2,1,1,2,3,3,3,1,1,1,1
"610",413002748,3,1,3,2,2,2,2,1,1,2,3,2,3,3,2,4,2,2,2,3,2,1,2,2
"611",419490444,2,1,5,1,3,2,1,1,3,3,4,2,11,3,2,4,2,3,3,3,2,2,2,1
"612",414342125,3,2,6,2,1,2,2,5,1,1,4,1,2,3,2,4,2,2,4,2,2,2,1,1
"613",412984256,3,2,5,2,1,2,1,1,6,2,1,3,7,3,1,3,2,2,5,2,2,1,1,1
"614",414128106,3,1,3,2,1,2,1,1,5,4,2,3,5,3,2,2,2,2,2,1,1,1,1,1
"615",414566881,3,2,5,2,3,2,8,5,1,2,1,1,3,3,2,4,2,2,2,3,2,1,2,1
"616",412298180,4,2,4,2,1,2,5,5,1,5,2,2,4,2,2,4,2,3,3,2,2,2,2,1
"617",412924305,3,1,4,2,1,2,6,3,1,2,3,1,3,3,2,4,3,3,3,3,2,2,2,1
"618",412355892,3,2,3,2,1,2,5,1,1,2,1,1,2,2,2,4,2,2,2,2,2,2,2,1
"619",415235609,4,1,2,2,1,2,1,5,6,3,4,1,6,3,1,1,2,2,2,2,1,2,2,1
"620",413987858,1,2,2,2,1,2,1,1,1,2,1,2,9,3,1,4,3,3,2,2,2,2,2,1
"621",418113104,3,1,3,2,1,2,2,5,3,1,3,1,3,3,2,4,2,5,2,5,1,1,1,2
"622",412954354,4,2,3,2,1,2,7,1,2,3,1,2,5,3,2,3,3,5,3,3,2,1,2,1
"623",418065405,4,1,3,2,7,2,5,1,5,5,1,1,5,3,2,1,2,2,2,2,1,2,2,1
"624",420122456,2,1,5,2,1,2,5,1,1,2,4,1,11,2,1,4,2,3,3,3,2,2,2,1
"625",412518754,3,1,2,2,1,2,5,1,7,5,1,1,4,3,2,1,2,3,2,5,1,1,1,1
"626",415437539,3,1,4,2,3,2,1,1,3,2,3,1,6,3,2,4,2,2,2,3,2,1,2,1
"627",415418606,1,2,1,2,1,2,7,4,4,3,2,4,1,3,2,4,5,5,5,5,2,1,1,2
"628",415730095,3,1,2,2,1,2,5,4,1,3,3,1,5,2,2,4,2,3,2,2,2,1,1,2
"629",414227418,4,1,3,2,2,2,3,5,4,3,4,3,1,3,2,4,3,3,3,3,2,2,1,2
"630",412991669,1,2,5,1,5,2,1,3,7,4,1,1,5,2,1,1,2,3,3,3,1,1,2,1
"631",417081426,2,1,5,2,1,2,5,1,1,2,4,1,9,3,2,4,2,3,3,2,2,2,2,1
"632",419595780,3,2,3,1,5,2,1,5,1,2,2,1,4,3,2,4,2,2,2,2,2,2,2,1
"633",412348350,2,1,3,2,1,2,1,3,4,4,1,1,9,1,1,2,3,3,3,3,1,1,2,1
"634",414156220,1,1,5,1,3,2,1,1,2,2,2,2,9,1,1,3,3,3,3,3,2,1,2,1
"635",419696374,3,2,3,2,1,2,5,4,7,4,2,1,3,2,1,1,2,3,2,2,1,1,1,1
"636",412289834,4,2,5,2,1,2,5,1,1,1,4,1,9,2,2,4,3,3,3,3,2,2,2,2
"637",412243811,3,2,2,2,1,2,5,4,1,2,3,2,5,2,2,4,2,3,2,5,2,1,1,1
"638",417838062,4,1,6,2,1,2,5,1,1,1,3,1,5,3,1,4,2,2,2,2,2,1,2,1
"639",412298138,4,1,6,2,1,2,5,1,3,3,4,1,12,2,1,4,3,3,3,2,2,1,2,1
"640",414191235,2,1,2,2,1,2,1,3,2,5,2,3,9,1,2,4,2,5,3,2,2,1,2,1
"641",418249805,2,1,6,2,1,2,2,1,1,2,2,1,9,3,1,4,2,2,2,2,2,2,2,1
"642",412052437,3,1,4,2,1,2,5,1,7,5,1,1,4,2,2,1,2,2,2,2,1,1,2,1
"643",412874712,3,2,3,2,1,2,2,1,1,1,4,3,5,3,2,4,2,3,2,5,2,1,2,2
"644",416260361,4,2,6,2,4,2,1,5,2,2,2,2,7,3,1,2,3,3,3,5,2,2,2,2
"645",414481621,1,1,2,2,1,2,1,6,1,3,2,2,7,3,2,4,5,3,3,5,2,1,2,1
"646",414200927,4,1,2,2,1,2,1,1,4,3,4,4,9,3,2,1,2,3,2,2,1,1,1,1
"647",411724232,2,2,3,2,1,2,5,1,7,3,1,2,4,3,2,1,3,5,3,2,2,1,1,1
"648",413221557,4,2,2,2,1,2,8,5,1,1,4,2,4,3,2,4,5,5,3,2,2,1,1,2
"649",413056145,2,1,5,2,1,2,1,3,5,5,3,1,9,1,1,1,2,2,2,2,1,2,1,1
"650",414290551,4,2,2,2,1,2,6,6,1,1,4,1,6,2,2,4,3,3,3,2,2,2,2,1
"651",416452513,1,1,2,2,1,2,6,6,7,4,2,1,5,2,2,1,3,3,2,3,1,2,1,1
"652",410813470,3,1,4,2,1,2,2,1,5,4,1,2,6,3,1,2,2,5,2,5,1,1,2,1
"653",415339032,4,2,2,2,3,2,7,1,1,3,1,3,2,3,2,4,3,2,5,2,2,1,2,1
"654",412334272,3,2,6,2,1,2,2,1,1,3,2,1,12,1,1,4,2,2,2,3,2,2,2,1
"655",412345940,2,1,6,1,1,2,1,1,1,2,4,1,11,3,1,4,2,3,3,2,2,2,2,1
"656",420156492,4,2,6,1,1,2,1,5,7,5,1,1,4,1,2,1,3,3,3,3,1,1,1,1
"657",413674352,4,1,2,2,1,2,5,1,7,5,3,1,6,3,1,1,2,2,2,2,1,1,1,1
"658",416277978,3,1,5,2,1,2,1,5,1,1,3,1,5,3,1,4,2,3,2,2,2,2,2,1
"659",412275456,1,1,5,2,1,2,5,1,1,3,3,1,7,3,1,4,3,3,2,2,2,1,2,1
"660",414704723,2,2,4,1,1,2,7,1,4,3,1,1,3,3,2,2,2,2,3,3,1,1,2,1
"661",412894665,1,2,6,2,1,2,2,1,2,3,4,1,6,2,1,4,3,3,3,3,2,1,2,1
"662",412297908,2,2,2,2,1,2,7,1,1,2,2,2,9,3,1,3,3,3,1,2,2,2,2,1
"663",412386158,4,2,2,2,1,2,6,2,2,2,3,2,5,3,2,4,2,3,2,3,2,1,2,1
"664",414864413,3,2,3,1,2,2,1,6,2,3,3,2,9,3,2,4,3,3,3,5,2,1,1,1
"665",416187350,1,1,5,2,1,2,1,1,4,4,3,1,7,3,2,1,2,3,3,3,1,1,1,1
"666",412893015,3,2,4,2,2,2,2,5,1,2,2,1,8,3,2,4,2,3,2,5,1,1,1,2
"667",412297833,2,2,3,1,1,2,1,3,7,5,3,1,4,3,2,1,2,3,5,5,1,1,1,1
"668",414877622,1,1,5,1,3,2,2,5,1,2,4,1,1,2,2,4,3,3,3,3,2,2,2,1
"669",417617997,1,1,4,2,1,2,1,5,7,3,2,1,10,3,1,1,3,3,3,3,1,1,1,1
"670",412978406,1,1,3,2,1,2,5,1,2,4,3,2,9,1,1,2,3,3,5,5,2,2,2,1
"671",414165557,4,1,1,2,3,2,1,6,7,5,2,1,5,3,1,1,3,3,3,5,1,1,2,1
"672",412278056,3,2,5,2,1,2,5,5,1,2,2,1,4,3,1,4,2,3,2,3,2,2,2,1
"673",412340710,2,2,2,2,1,2,5,4,6,3,3,2,3,2,2,2,2,2,3,2,1,1,1,1
"674",417006676,1,1,5,2,1,2,1,1,7,4,1,2,8,2,1,2,3,3,3,2,1,1,1,1
"675",417079551,4,1,4,2,1,2,5,1,3,2,4,1,4,2,1,4,3,3,3,3,2,2,2,1
"676",412305704,2,2,6,1,1,2,1,3,2,3,1,4,8,3,1,4,5,5,5,5,2,1,1,1
"677",412317336,4,2,2,2,1,2,7,1,5,4,1,2,5,3,2,4,3,2,3,5,1,1,1,1
"678",416383420,2,1,2,2,1,2,5,1,1,2,2,2,5,2,1,4,2,2,2,2,1,1,1,1
"679",415983266,1,1,2,2,4,2,4,5,3,3,4,4,3,3,2,4,5,3,5,1,1,1,1,2
"680",417352250,4,1,4,2,1,2,1,1,1,5,4,2,9,3,2,4,3,3,3,3,2,2,2,1
"681",414785656,3,1,2,1,2,2,1,5,2,3,1,4,4,3,2,2,2,3,2,2,1,1,2,2
"682",411992681,4,1,6,2,1,2,5,1,1,2,1,1,10,1,2,4,3,3,3,3,2,2,2,1
"683",414366698,3,2,4,2,1,2,1,5,6,5,2,2,10,3,2,2,2,5,2,5,1,1,1,1
"684",420238514,3,1,6,2,1,2,5,1,5,4,1,2,11,3,1,3,2,2,2,2,2,1,1,1
"685",417077668,3,1,6,2,3,2,1,1,1,2,1,1,8,3,2,4,2,2,2,3,2,2,2,1
"686",415451404,3,2,5,2,1,2,1,5,6,3,1,2,6,3,1,2,1,1,1,2,1,1,2,1
"687",415028417,4,2,5,2,1,2,1,5,2,2,4,3,4,2,2,4,5,5,5,5,2,2,2,2
"688",415332447,2,1,3,2,1,2,9,1,7,4,3,2,3,3,2,1,2,3,3,2,1,1,2,1
"689",419001064,1,1,5,2,1,2,1,6,1,1,4,1,7,3,1,4,3,3,3,3,2,1,2,1
"690",413291223,2,2,2,1,1,2,5,1,1,2,1,1,7,3,1,4,2,2,3,2,1,1,1,1
"691",413966837,3,2,2,2,1,2,9,1,1,1,4,1,4,3,2,4,2,2,2,2,2,2,2,2
"692",414316609,3,2,2,2,1,2,2,3,5,3,4,2,2,3,2,2,2,5,3,5,1,1,1,2
"693",417836192,3,1,6,2,1,2,1,1,2,2,1,1,6,2,2,4,2,2,2,2,2,1,1,2
"694",417316773,3,1,3,2,1,2,1,1,6,4,4,2,6,3,1,2,5,5,5,5,2,2,1,1
"695",420311788,2,1,3,1,1,2,4,5,3,1,1,1,3,3,2,4,2,2,3,3,2,1,2,2
"696",413550039,3,1,6,2,1,2,2,1,7,3,2,1,7,2,2,1,2,3,2,2,1,1,1,1
"697",413829420,3,1,3,2,1,2,5,5,6,3,3,2,5,2,2,2,2,3,2,3,1,1,1,1
"698",412323912,3,1,5,2,1,2,1,5,1,2,2,1,7,3,1,4,2,2,2,2,2,2,2,2
"699",413409469,3,2,5,2,6,2,1,1,4,4,1,1,9,3,1,1,2,2,2,2,1,1,1,1
"700",412355929,2,2,4,1,1,2,1,5,1,3,4,1,5,3,2,4,5,5,5,5,2,2,2,2
"701",413784765,3,2,4,1,1,2,6,3,1,1,4,2,4,3,2,4,2,2,2,2,2,2,2,1
"702",414044676,1,2,6,1,1,2,7,1,3,1,4,2,8,2,1,4,2,3,3,3,2,2,1,1
"703",412662714,1,2,3,2,1,2,1,1,6,4,1,2,7,3,1,1,2,5,2,3,2,2,1,2
"704",412507803,1,1,6,1,4,2,1,5,2,3,2,1,9,3,2,4,3,3,2,2,2,2,2,1
"705",414601662,4,2,6,2,6,1,1,6,3,2,3,3,4,3,1,4,3,3,3,3,2,2,2,1
"706",417079909,1,1,6,2,1,2,5,1,5,4,3,1,10,3,1,1,2,3,3,3,1,1,1,1
"707",415961779,3,1,6,2,2,2,1,4,1,4,1,1,10,3,1,4,2,2,2,2,1,1,1,1
"708",412874176,3,1,3,2,1,2,6,5,6,2,2,1,2,2,1,1,2,2,3,3,1,2,2,1
"709",414127167,1,1,2,2,1,2,8,5,7,5,1,4,1,3,2,1,3,3,3,3,1,1,1,1
"710",412334265,4,2,5,2,1,2,5,3,1,1,4,1,3,3,1,4,3,3,2,2,2,1,2,1
"711",416407500,3,1,5,1,1,2,1,1,6,3,2,2,10,3,2,2,2,3,2,2,1,1,2,1
"712",412422471,1,1,3,2,1,2,6,1,2,3,2,2,10,3,2,4,2,4,2,3,2,2,2,1
"713",413021004,3,2,2,2,1,2,4,4,4,5,1,2,2,3,2,1,2,2,2,3,2,1,1,1
"714",416132023,2,2,1,2,3,2,6,3,4,3,1,4,3,3,2,4,4,4,4,4,1,1,1,1
"715",420137004,2,1,5,1,1,2,2,5,1,2,4,1,12,3,1,4,3,3,3,2,2,1,2,2
"716",413932320,2,2,2,2,1,2,7,1,6,3,3,2,2,3,2,2,3,3,2,2,1,1,1,1
"717",417834831,4,1,6,2,1,2,1,1,3,2,2,1,12,3,2,2,3,5,5,5,1,2,2,1
"718",420127425,3,2,6,1,1,2,1,3,5,3,2,1,9,3,1,2,3,3,3,2,2,1,1,1
"719",413443334,4,1,1,2,1,2,1,1,5,3,2,1,10,3,1,1,3,3,3,3,1,1,1,1
"720",412240402,3,2,6,2,1,2,5,5,1,1,1,1,4,2,1,4,2,3,2,2,1,2,2,1
"721",418249204,3,1,6,2,1,2,1,2,1,1,4,1,6,3,1,4,2,2,2,3,2,2,1,2
"722",413487858,1,2,5,1,2,2,1,5,2,1,4,2,1,3,1,4,1,1,3,1,2,2,1,1
"723",412275152,4,2,5,2,1,2,5,1,1,1,2,1,4,3,1,4,3,3,3,3,2,1,1,1
"724",412411645,3,2,4,2,1,2,1,1,6,4,1,4,6,3,2,2,2,5,5,5,1,1,1,1
"725",415710745,1,2,5,2,1,2,6,5,2,3,1,1,8,1,2,4,3,3,3,2,2,2,2,2
"726",412416456,2,1,5,2,1,2,1,1,7,5,1,1,6,2,1,1,2,3,2,2,1,2,2,1
"727",412415683,3,1,3,2,1,2,2,3,2,3,2,2,3,3,2,2,2,2,2,3,1,1,1,1
"728",414355014,3,2,1,2,1,2,7,4,1,2,4,2,1,3,2,4,2,2,5,2,2,2,2,1
"729",411688667,3,2,5,2,1,2,2,1,1,1,1,1,6,3,1,4,2,2,2,2,1,1,2,1
"730",414147140,3,2,3,1,1,2,8,5,6,4,2,3,3,3,2,2,2,5,2,5,2,2,2,2
"731",415217858,4,1,6,2,6,2,1,1,4,3,2,2,6,3,2,4,3,3,3,2,2,2,1,1
"732",414290451,1,2,1,2,1,2,5,3,1,4,1,3,1,3,2,1,4,5,5,4,1,2,2,2
"733",413594979,3,1,5,1,1,2,1,5,1,2,3,1,7,2,2,4,2,3,3,3,2,2,2,1
"734",413602073,3,2,6,1,1,2,5,1,1,2,4,1,15,2,1,4,2,2,2,2,2,1,2,1
"735",417619537,3,1,6,2,1,2,9,1,7,5,1,1,12,1,1,1,2,2,2,2,1,2,1,1
"736",416104883,3,2,6,2,4,2,1,1,1,1,4,4,13,3,2,4,5,3,3,3,2,2,2,1
"737",414255549,3,2,2,2,1,2,7,1,6,3,4,2,5,3,1,2,2,3,2,3,2,1,2,1
"738",417834343,4,1,6,2,1,2,1,1,7,4,2,1,12,3,1,1,3,2,3,2,1,1,1,1
"739",412012229,3,2,5,2,4,2,7,1,1,2,1,3,2,3,2,2,5,5,5,5,1,1,1,2
"740",412391618,2,2,6,1,1,2,1,1,1,3,1,1,11,1,2,4,2,3,3,2,1,1,2,1
"741",420149660,2,2,6,2,1,2,2,1,1,1,4,4,8,2,1,4,5,5,5,5,2,1,2,1
"742",417182884,2,2,2,2,1,2,5,4,4,3,1,4,4,3,1,1,5,5,5,3,2,1,1,1
"743",417619297,3,1,3,2,1,2,5,1,1,3,1,1,8,3,1,4,2,2,2,2,2,2,2,1
"744",412308000,3,2,3,2,1,2,5,1,3,3,1,2,4,3,2,3,2,3,2,2,2,1,1,1
"745",414598038,3,2,2,2,2,2,7,1,1,3,1,2,2,3,2,4,5,5,5,3,2,2,2,2
"746",414739136,1,1,2,2,1,2,5,1,7,4,1,2,5,2,1,1,3,3,3,5,1,1,2,1
"747",414255469,1,2,3,1,1,2,7,1,1,1,4,4,3,3,2,4,3,5,5,5,2,1,1,1
"748",418064424,3,1,5,2,1,2,1,1,5,4,1,1,13,3,1,1,2,2,2,2,1,2,1,1
"749",414195744,2,1,2,2,1,2,6,5,7,4,2,3,3,3,2,2,2,2,3,2,1,1,1,1
"750",412331351,4,2,3,2,1,2,7,1,4,2,3,1,12,3,1,4,3,3,3,3,2,2,2,2
"751",414793306,4,2,3,1,1,2,1,5,2,1,4,1,6,3,1,4,3,3,3,3,2,1,2,2
"752",416153828,1,2,2,2,1,2,5,3,6,4,2,1,2,2,2,1,3,3,3,5,1,1,1,1
"753",417838346,2,1,4,2,1,2,1,1,7,5,1,2,10,1,1,1,2,3,3,2,1,1,1,1
"754",410914971,1,1,5,1,1,2,6,1,7,5,3,1,6,3,1,1,3,3,2,2,1,1,1,1
"755",412976088,1,1,3,2,1,2,8,5,1,1,2,2,7,2,1,4,3,5,5,5,2,1,1,1
"756",415573012,4,1,5,2,1,2,5,1,7,5,1,1,6,3,1,2,2,2,2,2,2,1,2,2
"757",418066430,2,1,4,2,1,2,5,1,2,3,3,1,9,2,1,4,3,2,3,2,2,2,2,2
"758",410934005,3,1,5,1,1,2,1,1,3,1,4,2,10,2,1,4,5,3,3,2,1,2,1,1
"759",418063132,4,1,6,2,1,2,5,1,5,4,3,1,13,3,1,1,2,2,2,2,1,2,2,1
"760",410938271,4,1,5,2,1,2,1,4,6,4,2,1,16,3,1,2,3,3,3,3,2,2,2,1
"761",413570300,3,2,3,1,1,2,1,1,7,5,1,2,8,3,1,2,2,2,2,2,1,1,2,1
"762",412307617,4,2,3,1,1,2,5,1,1,2,2,1,8,2,2,4,3,3,3,3,2,2,2,1
"763",412815335,2,2,1,2,1,2,6,5,1,2,2,2,2,3,2,4,5,2,5,2,1,1,1,2
"764",411494468,3,1,3,2,7,2,1,1,7,5,2,1,12,3,1,1,3,2,2,2,1,1,2,1
"765",412324156,2,1,2,2,1,2,5,1,2,3,2,3,10,2,2,2,3,3,3,5,2,1,1,1
"766",412282924,3,2,5,1,2,2,1,5,2,3,3,3,3,2,2,3,2,2,3,3,2,1,1,2
"767",415591173,4,1,6,2,1,2,1,5,2,3,3,2,9,1,1,3,3,3,3,3,2,1,1,2
"768",412524043,4,2,1,2,3,2,1,5,2,3,2,2,2,3,2,3,1,1,1,1,1,1,2,2
"769",415171063,4,2,4,1,3,2,1,1,1,4,2,3,3,3,2,4,2,2,5,5,1,1,1,1
"770",412312551,3,1,6,1,1,2,1,5,3,3,3,1,3,1,1,4,2,5,5,5,1,1,2,1
"771",416914516,4,1,5,2,1,2,1,5,1,2,4,2,5,3,2,3,5,3,3,5,2,2,2,1
"772",414190559,3,2,3,2,1,2,6,5,5,4,2,2,10,3,2,1,5,5,5,5,1,1,2,1
"773",413715710,3,2,5,1,1,2,1,1,1,1,4,1,9,2,1,4,2,2,2,2,2,2,2,1
"774",411872051,3,1,5,2,1,2,5,2,6,4,1,1,10,2,1,1,2,2,2,2,1,1,1,1
"775",413913364,3,2,5,1,2,2,2,6,3,2,4,1,6,2,2,4,3,3,2,2,2,2,2,1
"776",412047621,3,2,2,2,1,2,5,1,7,5,3,1,2,3,2,1,2,2,2,2,2,1,2,1
"777",412349016,3,2,3,2,1,2,1,5,7,5,1,1,4,3,2,1,2,3,5,5,1,1,1,1
"778",414671712,4,2,3,1,3,2,7,1,2,2,4,2,4,3,1,3,3,2,5,5,1,1,1,2
"779",415630186,3,1,5,2,1,2,5,1,1,2,4,1,9,3,1,4,2,3,3,2,2,1,1,1
"780",412952200,3,1,2,2,1,2,6,1,1,1,1,1,4,3,1,4,2,2,2,2,2,2,2,2
"781",412012853,3,1,5,2,1,2,1,5,1,1,4,1,10,3,1,4,2,2,2,2,2,2,2,1
"782",412960000,3,1,1,2,1,2,5,4,2,4,1,3,2,2,2,3,1,2,5,5,2,1,2,1
"783",414383102,3,1,2,2,1,2,1,5,6,4,4,1,8,3,1,1,3,2,2,2,1,1,1,2
"784",412275565,1,2,4,2,1,2,4,5,1,1,4,1,2,3,2,4,3,3,3,3,2,1,1,1
"785",417158481,2,2,2,2,1,2,7,1,1,3,1,3,5,3,2,2,1,3,2,2,1,1,1,2
"786",413193964,3,2,2,2,1,2,8,5,1,1,4,2,11,3,1,4,2,2,2,2,2,2,1,1
"787",416756456,1,1,3,2,1,2,5,1,7,5,1,1,7,3,1,1,3,2,5,5,1,1,1,1
"788",411791437,1,2,5,2,1,2,5,6,5,4,2,2,12,2,1,2,2,3,3,3,1,1,1,1
"789",413292638,1,2,6,1,1,2,2,1,1,2,3,1,7,3,1,4,3,3,3,3,2,2,2,1
"790",412243894,4,2,3,2,1,2,7,1,6,4,1,3,9,3,2,2,5,2,3,5,1,1,1,2
"791",412339655,4,2,4,2,1,2,5,3,2,3,4,1,6,2,1,4,3,3,3,3,1,1,1,1
"792",412391942,3,1,4,2,1,2,6,1,4,3,4,4,8,3,2,4,2,3,5,1,2,1,1,1
"793",410941146,3,2,3,1,1,2,1,5,2,1,3,4,2,3,2,4,2,2,3,1,2,1,1,2
"794",415212732,1,1,3,1,8,1,1,5,2,2,3,2,8,3,2,3,1,3,3,1,1,1,1,2
"795",413412672,2,1,2,2,1,2,2,5,2,4,2,3,3,3,2,3,2,3,3,3,1,1,1,2
"796",413860219,4,2,4,2,1,2,1,1,4,4,1,1,8,1,2,1,3,3,2,2,1,1,1,1
"797",413331405,3,2,4,1,1,2,1,5,1,1,4,1,5,3,1,4,2,3,5,5,2,2,1,1
"798",419006322,2,2,4,1,1,2,7,1,3,2,4,1,4,2,2,4,2,5,3,5,2,1,2,1
"799",412815779,2,1,5,2,1,2,5,1,2,3,2,2,5,1,1,2,2,2,3,2,1,2,2,1
"800",412204536,3,1,6,1,1,2,8,5,5,4,2,1,1,3,2,2,3,2,2,2,1,1,2,1
"801",412398216,2,1,3,2,1,2,1,3,3,3,1,1,8,3,1,4,2,2,3,3,2,1,1,1
"802",414976050,3,2,6,1,1,2,1,5,4,3,2,1,6,3,1,2,2,2,2,2,1,1,1,1
"803",413380512,3,2,5,1,1,2,4,5,7,4,1,2,1,3,2,1,2,2,2,5,1,2,2,1
"804",414432457,1,1,1,2,6,1,1,5,5,4,2,1,6,2,2,1,3,3,3,1,1,1,2,1
"805",414518004,1,2,2,2,1,2,2,3,2,2,2,2,2,3,2,4,3,3,2,3,2,2,2,1
"806",414191547,1,2,3,2,2,2,5,6,1,5,1,1,2,2,2,4,3,5,2,3,2,2,2,1
"807",418063225,1,1,5,2,1,2,1,1,4,4,4,1,8,1,1,1,3,3,2,2,1,1,1,1
"808",418854282,1,1,6,1,1,2,1,1,7,5,2,1,10,2,1,1,2,2,2,2,1,1,1,1
"809",414185782,4,2,5,1,1,2,1,6,2,2,4,2,8,3,2,3,3,2,3,3,2,1,2,1
"810",414179776,3,2,2,2,1,2,6,3,7,5,1,2,3,3,2,1,2,2,2,2,1,2,2,1
"811",413204395,3,2,2,2,1,2,2,4,4,3,1,3,2,3,2,3,4,4,4,4,1,2,2,1
"812",417837666,3,1,6,2,1,2,5,5,1,2,1,1,7,3,1,4,2,2,2,3,2,1,2,1
"813",414219538,3,2,5,2,1,1,2,1,7,5,1,1,8,3,1,1,2,3,2,2,1,2,2,1
"814",413020073,3,2,2,2,1,2,5,3,1,4,1,2,2,3,2,4,2,2,2,2,1,2,2,1
"815",418306559,4,2,5,2,3,2,7,1,2,2,2,1,3,3,2,4,2,2,2,3,2,1,1,1
"816",418116738,2,1,1,2,1,2,6,5,3,2,1,4,4,3,2,4,1,1,5,1,1,2,1,2
"817",420192165,3,2,3,2,1,2,5,4,4,4,1,2,9,3,2,3,5,5,5,5,1,1,1,1
"818",416335638,4,2,3,1,3,2,2,5,1,1,3,2,4,3,2,4,2,5,5,5,2,1,2,2
"819",411984486,2,2,5,2,1,2,2,1,7,5,1,1,3,3,2,4,2,2,2,2,2,1,1,1
"820",415676776,3,2,4,1,1,2,7,1,5,4,1,2,7,3,1,3,3,3,3,2,1,1,1,1
"821",414362101,1,2,2,2,1,2,2,4,7,4,1,1,4,1,2,1,3,3,3,2,1,1,1,1
"822",412391730,2,1,6,2,1,2,1,5,1,2,4,1,9,3,1,4,2,2,3,3,2,2,2,2
"823",412905800,3,1,2,2,1,2,1,1,7,5,2,1,16,2,1,1,2,2,2,2,1,2,1,1
"824",414379114,2,1,2,2,1,2,2,5,5,4,2,1,6,3,2,1,3,3,3,5,1,2,2,2
"825",413432066,3,1,3,2,2,2,1,5,2,2,2,2,4,3,2,4,2,2,2,2,2,2,2,1
"826",420128728,3,2,3,2,1,2,1,1,7,3,1,2,6,3,2,2,2,2,3,2,2,1,1,1
"827",410933174,2,1,5,2,1,2,1,3,5,5,1,1,8,3,2,1,2,2,3,3,1,1,1,1
"828",419690598,3,1,4,2,1,2,1,1,3,3,2,1,9,3,1,4,3,3,3,2,2,2,2,1
"829",415545763,2,2,6,1,1,2,1,1,1,1,3,2,9,1,1,4,2,2,3,2,2,2,2,2
"830",414327580,3,2,2,2,1,2,5,1,6,4,1,1,5,3,1,2,2,2,2,2,2,1,1,1
"831",412022594,1,2,5,2,1,2,5,3,1,2,3,2,9,3,1,4,3,3,2,2,2,1,1,1
"832",414091490,2,2,3,2,2,2,2,5,3,2,4,1,5,3,2,4,2,3,3,3,2,1,2,2
"833",414842386,4,2,3,2,4,2,8,5,1,2,4,2,11,3,2,4,3,5,3,5,2,1,1,2
"834",417841646,2,2,2,2,1,2,6,1,2,1,3,3,2,2,2,4,2,3,3,3,2,1,1,1
"835",413327747,3,2,6,1,1,2,4,5,1,1,3,1,2,3,2,4,2,3,2,3,2,1,2,1
"836",417619375,2,1,6,2,1,2,5,1,1,3,1,2,7,3,1,4,2,2,2,2,2,1,2,1
"837",412003311,3,1,5,2,1,2,9,5,7,4,4,1,1,2,1,1,2,3,3,3,1,1,2,1
"838",415226726,3,2,3,2,1,2,1,6,4,3,3,1,2,3,2,4,5,5,5,5,2,1,1,1
"839",412999988,3,1,3,2,1,2,1,2,2,2,2,2,6,2,1,2,2,3,2,3,1,1,2,1
"840",417615837,2,2,2,2,1,2,1,1,1,1,2,1,9,3,1,4,2,3,2,2,2,1,2,1
"841",412534260,2,1,2,2,2,2,5,1,4,4,1,1,3,2,2,1,5,3,2,2,1,1,1,1
"842",416653141,1,2,6,1,1,2,1,1,2,3,4,2,13,3,1,4,3,3,3,3,1,1,2,1
"843",412374726,1,2,3,1,1,2,8,5,3,3,4,4,1,3,2,2,5,5,5,5,1,1,1,2
"844",414506279,3,2,1,2,1,2,5,1,7,4,2,2,7,2,1,1,2,2,2,2,1,1,1,1
"845",413001437,1,1,2,2,1,2,5,1,7,4,1,1,10,3,1,1,3,3,3,3,1,1,1,1
"846",419596968,3,1,3,2,1,2,5,1,4,4,3,3,11,2,2,1,2,2,2,3,1,1,2,1
"847",415708845,2,1,4,2,2,2,2,5,1,2,2,1,3,3,2,1,5,2,5,2,1,2,2,1
"848",412290979,4,1,6,2,1,2,5,6,1,1,4,1,5,2,1,4,3,3,3,3,2,1,1,1
"849",414231501,3,2,2,2,1,2,5,3,2,4,1,3,2,3,2,2,3,3,3,3,1,1,1,1
"850",413632505,2,2,3,1,1,2,7,1,7,4,1,1,4,3,2,1,5,3,2,2,1,1,1,1
"851",415341672,1,2,3,1,1,2,5,4,4,3,2,3,2,3,2,2,5,5,5,5,1,1,1,1
"852",412333988,3,2,2,2,1,2,1,1,7,4,1,1,4,3,2,1,2,2,2,2,1,1,1,2
"853",413086828,3,1,5,1,1,2,1,5,6,4,1,1,4,3,2,3,2,2,2,2,1,2,2,1
"854",411885475,2,1,6,2,1,2,5,3,5,4,2,1,2,3,1,2,3,5,3,3,1,1,2,1
"855",413379901,1,2,5,2,3,2,1,3,1,2,2,1,9,1,2,4,3,3,5,3,2,1,2,2
"856",412311020,4,1,3,2,1,2,5,1,7,5,1,1,6,3,1,1,3,3,3,2,1,2,2,1
"857",412350107,1,2,3,2,2,2,2,4,2,2,1,2,2,3,2,4,2,3,2,5,2,1,2,1
"858",411873042,4,1,5,2,4,2,5,1,1,3,4,1,12,2,1,4,3,3,3,3,1,1,1,1
"859",410922953,4,2,3,2,1,2,5,3,3,2,4,1,3,2,1,4,2,2,2,2,2,1,2,1
"860",413261069,1,1,3,2,1,1,1,3,5,3,2,1,6,1,1,1,3,3,3,3,1,1,1,1
"861",412379539,4,1,2,2,1,2,6,3,5,4,2,1,2,3,2,1,3,3,2,5,1,1,1,1
"862",410745596,3,2,4,2,4,2,1,1,5,3,2,2,4,3,2,2,2,3,3,5,1,1,2,2
"863",414118145,1,1,4,2,1,2,1,6,2,4,3,2,3,3,2,2,3,2,3,2,1,1,1,2
"864",412285035,1,2,2,2,1,2,7,1,5,3,3,1,6,1,1,2,3,3,3,3,1,1,1,1
"865",413120971,3,2,4,2,1,2,1,1,5,5,1,2,7,3,2,2,5,5,5,5,2,2,1,1
"866",412324065,3,2,6,2,1,2,1,1,3,3,1,1,10,1,1,4,2,2,2,2,2,1,1,1
"867",410945270,2,1,6,2,1,2,5,1,3,3,2,1,14,3,1,4,2,2,3,2,2,1,2,1
"868",414240025,2,2,5,1,2,2,1,5,1,2,2,3,6,3,2,4,2,3,3,2,2,2,1,2
"869",420156780,2,2,5,2,1,2,1,5,2,3,3,1,6,3,1,4,2,2,3,2,1,2,2,1
